write_ratio        ,hot_key_ratio      ,trans_arrival_rate ,execution_delay (us) ,blocksize ,early_execution ,reorder ,blocksize * early_execution ,throughput          ,feature_extraction_overhead (s) ,training_overhead (s) ,inference_overhead (s) ,communication_overhead (s) ,episode_duration (s)
0.9009333333333334 ,0.6615111811644173 ,1470.9819392837496 , 12.666266666666978  ,     20.0 ,            1.0 ,    0.0 ,20.0                        , 201.91204588910134 ,                       0.124494 ,             0        ,              0.017366 ,                  0.141185 ,            6.648444
0.8974734042553192 ,0.6667153711279953 ,1440.1247086715807 , 12.267686170213029  ,     50.0 ,            1.0 ,    1.0 ,50.0                        ,   0.0              ,                       0.111529 ,             0.167426 ,              0.014035 ,                  0.106712 ,           16.457327
0.8974734042553192 ,0.6667153711279953 ,1440.1247086715807 , 12.267686170213029  ,      1.0 ,            0.0 ,    0.0 ,-1.0                        ,1453.4883720930231  ,                       0.111529 ,             0.172499 ,              0.014035 ,                  0.181873 ,            5.161067
0.8934611799174325 ,0.6670443349753694 ,1457.5301453880982 , 12.275595792837526  ,      1.0 ,            0.0 ,    0.0 ,-1.0                        ,1482.5064241945047  ,                       0.154863 ,             0.221338 ,              0.018424 ,                  0.113037 ,            6.246937
0.8970803892814292 ,0.6635247913598429 ,1482.8946197870848 , 12.37288361551829   ,      1.0 ,            1.0 ,    0.0 ,1.0                         , 266.21880998080616 ,                       0.157551 ,             0.168829 ,              0.013981 ,                  0.106283 ,            6.488728
0.8975006647168307 ,0.6668795441147574 ,1458.0460903062033 , 12.732252060622486  ,     10.0 ,            0.0 ,    0.0 ,-10.0                       ,1445.7297088876035  ,                       0.162676 ,             0.171241 ,              0.014098 ,                  0.117796 ,            6.412915
0.900520069342579  ,0.6656665027053615 ,1446.4483318587238 ,  9.314517200159573  ,      1.0 ,            1.0 ,    1.0 ,1.0                         , 272.2102373014317  ,                       0.123232 ,             0.166881 ,              0.014018 ,                  0.129376 ,            6.42459
0.8946666666666667 ,0.6630573248407643 ,1470.7197349410064 , 12.482133333333593  ,     10.0 ,            0.0 ,    0.0 ,-10.0                       ,1458.7032033963721  ,                       0.159774 ,             0.180238 ,              0.014547 ,                  0.08011  ,            6.385179
0.89825774704083   ,0.668415375563836  ,1461.8837070438856 ,  9.283415347785827  ,     10.0 ,            1.0 ,    0.0 ,10.0                        , 281.0969637610186  ,                       0.131192 ,             0.171851 ,              0.015025 ,                  0.184657 ,            6.238794
0.8944             ,0.6595565673562308 ,1469.1107707562337 , 13.094533333333677  ,     10.0 ,            0.0 ,    0.0 ,-10.0                       ,1469.331765628062   ,                       0.114985 ,             0.16457  ,              0.013809 ,                  0.153543 ,            6.380831
0.9026407041877834 ,0.6668288884562974 ,1470.3777133253714 ,  9.613230194718845  ,     10.0 ,            0.0 ,    0.0 ,-10.0                       ,1449.2473948282516  ,                       0.113797 ,             0.166435 ,              0.013718 ,                  0.086063 ,            6.505356
0.9009333333333334 ,0.6642113533686899 ,1461.7227435483458 , 10.67706666666698   ,     20.0 ,            1.0 ,    0.0 ,20.0                        , 206.4628482972136  ,                       0.112918 ,             0.163603 ,              0.014059 ,                  0.134497 ,            6.457236
0.9019946808510638 ,0.6636968866261993 ,1463.5214355154892 , 13.627792553191808  ,     10.0 ,            0.0 ,    0.0 ,-10.0                       ,1482.4041122973508  ,                       0.129165 ,             0.172629 ,              0.014196 ,                  0.157218 ,            6.230611
0.9009069085089357 ,0.6576669617389593 ,1483.789334368701  ,  9.71965857562043   ,    550.0 ,            0.0 ,    0.0 ,-550.0                      ,1479.7185430463576  ,                       0.116761 ,             0.168711 ,              0.01404  ,                  0.182095 ,            6.047891
0.8955244755244756 ,0.6608063518251186 ,1484.599101142726  ,  8.82195804195825   ,    900.0 ,            0.0 ,    0.0 ,-900.0                      ,1490.6832298136644  ,                       0.10212  ,             0.165598 ,              0.013623 ,                  0.180889 ,            6.256258
0.8933333333333333 ,0.6648047555601106 ,1506.0524482765113 ,  8.639444444444631  ,    850.0 ,            0.0 ,    0.0 ,-850.0                      ,1500.7724564113882  ,                       0.102046 ,             0.166467 ,              0.013883 ,                  0.122624 ,            5.842568
0.898235294117647  ,0.6644212114679888 ,1512.8875773241289 ,  8.40970588235319   ,    850.0 ,            0.0 ,    1.0 ,-850.0                      , 123.75874708430523 ,                       0.096682 ,             0.16565  ,              0.013891 ,                  0.154427 ,           16.306453
0.898235294117647  ,0.6628721541155866 ,1472.4236699900137 , 41.27882352941193   ,    600.0 ,            0.0 ,    0.0 ,-600.0                      ,1458.6709886547812  ,                       0.051553 ,             0.173065 ,              0.015074 ,                  0.176631 ,           18.424407
0.8980555555555556 ,0.6599816289038579 ,1474.997259987729  ,  9.320277777777916  ,    800.0 ,            0.0 ,    0.0 ,-800.0                      ,1470.287931386563   ,                       0.103166 ,             0.166632 ,              0.013772 ,                  0.189789 ,            6.038522
0.8983333333333333 ,0.6613629387086872 ,1482.3364174852286 ,  8.295694444444662  ,     20.0 ,            1.0 ,    0.0 ,20.0                        , 207.79220779220782 ,                       0.10493  ,             0.173738 ,              0.013826 ,                  0.067118 ,            6.463555
0.8984             ,0.6588523786169691 ,1454.4718318258217 , 13.210266666666977  ,    400.0 ,            0.0 ,    0.0 ,-400.0                      ,1473.3933688088416  ,                       0.112048 ,             0.169068 ,              0.01411  ,                  0.106925 ,            6.157781
0.8962355882761495 ,0.6600163699611213 ,1477.0154726552096 ,  8.747881650229383  ,    550.0 ,            0.0 ,    0.0 ,-550.0                      ,1484.0182648401828  ,                       0.102983 ,             0.163998 ,              0.014007 ,                  0.150078 ,            6.251398
0.9012587412587413 ,0.6622219934102141 ,1488.2247081934784 ,  8.1713286713289    ,    400.0 ,            0.0 ,    0.0 ,-400.0                      ,1450.735442272819   ,                       0.102374 ,             0.164156 ,              0.01389  ,                  0.139215 ,            6.450625
0.9004166666666666 ,0.6671263663295536 ,1453.672370109831  ,  8.529722222222452  ,    550.0 ,            0.0 ,    0.0 ,-550.0                      ,1468.4740193058124  ,                       0.101073 ,             0.165034 ,              0.013759 ,                  0.145845 ,            6.347787
0.8994405594405595 ,0.6574064529429956 ,1472.2894533420147 ,  8.72027972027995   ,    750.0 ,            0.0 ,    0.0 ,-750.0                      ,1448.1560146746476  ,                       0.100844 ,             0.163873 ,              0.014072 ,                  0.112258 ,            6.611887
0.8972             ,0.6614644680015704 ,1464.470481644815  ,  8.242533333333553  ,    650.0 ,            0.0 ,    0.0 ,-650.0                      ,1461.8687384992843  ,                       0.106166 ,             0.164435 ,              0.014194 ,                  0.077395 ,            5.998441
0.8944055944055944 ,0.6641158221302998 ,1466.571301927649  ,  8.332027972028179  ,    850.0 ,            0.0 ,    0.0 ,-850.0                      ,1447.116407746329   ,                       0.100198 ,             0.164163 ,              0.013775 ,                  0.126819 ,            6.047137
0.8977941176470589 ,0.6624864277958741 ,1453.167509824374  ,  8.335000000000212  ,    500.0 ,            0.0 ,    0.0 ,-500.0                      ,1492.2403501790689  ,                       0.095948 ,             0.162161 ,              0.013672 ,                  0.143354 ,            6.377576
0.9005333333333333 ,0.6658135643271975 ,1505.3460860901405 ,  8.644533333333538  ,     10.0 ,            1.0 ,    0.0 ,10.0                        , 278.57847976308    ,                       0.104621 ,             0.16431  ,              0.013933 ,                  0.117835 ,            6.306009
0.900132802124834  ,0.6651243493348756 ,1487.6228004963484 , 13.604648074369527  ,    500.0 ,            0.0 ,    0.0 ,-500.0                      ,1468.1559866745051  ,                       0.114643 ,             0.166574 ,              0.015286 ,                  0.081491 ,            6.401112
0.8974906567004806 ,0.6598746081504702 ,1477.9612735481032 ,  8.281900694073903  ,    850.0 ,            0.0 ,    0.0 ,-850.0                      ,1473.4561213434454  ,                       0.109517 ,             0.174294 ,              0.014085 ,                  0.154895 ,            5.806256
0.9017647058823529 ,0.6639317715642881 ,1480.5338108200024 ,  8.322500000000181  ,    450.0 ,            0.0 ,    0.0 ,-450.0                      ,1482.7018121911037  ,                       0.101125 ,             0.170055 ,              0.014219 ,                  0.1208   ,            6.209603
0.9019444444444444 ,0.6601416287303996 ,1486.8012318148205 ,  8.438055555555783  ,    450.0 ,            0.0 ,    0.0 ,-450.0                      ,1462.225832656377   ,                       0.110243 ,             0.167288 ,              0.014482 ,                  0.141847 ,            6.304339
0.9025             ,0.6589060593737291 ,1471.849047161723  ,  8.44569444444466   ,    500.0 ,            0.0 ,    0.0 ,-500.0                      ,1488.9815366289458  ,                       0.106129 ,             0.164577 ,              0.013879 ,                  0.164084 ,            6.33146
0.8989333333333334 ,0.6623509869063905 ,1493.1244604843614 ,  8.524000000000205  ,    900.0 ,            0.0 ,    0.0 ,-900.0                      ,1495.3271028037382  ,                       0.111907 ,             0.16412  ,              0.014026 ,                  0.174751 ,            6.057811
0.8963888888888889 ,0.6744411554557518 ,1501.966950886098  ,  8.50777777777804   ,    950.0 ,            0.0 ,    0.0 ,-950.0                      ,1442.5162689804772  ,                       0.120983 ,             0.185377 ,              0.01565  ,                  0.186407 ,            5.915859
0.9018045112781955 ,0.6626572197506454 ,1458.812886078121  ,  8.241954887218313  ,    500.0 ,            0.0 ,    0.0 ,-500.0                      ,1454.0519581233036  ,                       0.108252 ,             0.184154 ,              0.015419 ,                  0.09015  ,            6.722251
0.8996             ,0.6669104739613809 ,1460.7880659458165 ,  8.344533333333588  ,    950.0 ,            0.0 ,    0.0 ,-950.0                      ,1492.0350011218309  ,                       0.136793 ,             0.165233 ,              0.013867 ,                  0.159597 ,            5.638891
0.8978947368421053 ,0.6592377980833519 ,1514.7177033144073 ,  8.310977443609248  ,    550.0 ,            0.0 ,    1.0 ,-550.0                      , 175.73333333333332 ,                       0.095362 ,             0.163034 ,              0.013672 ,                  0.107973 ,           16.550694
0.8977272727272727 ,0.6688486069150722 ,1492.1141765767916 , 43.1772727272731    ,    500.0 ,            0.0 ,    0.0 ,-500.0                      ,1471.7425431711147  ,                       0.057136 ,             0.162798 ,              0.013665 ,                  0.130588 ,           12.09038
0.8986666666666666 ,0.6647783251231527 ,1485.6848323662186 ,  8.666400000000237  ,    800.0 ,            0.0 ,    0.0 ,-800.0                      ,1471.489883507051   ,                       0.103388 ,             0.162945 ,              0.013678 ,                  0.174031 ,            6.133129
0.8986111111111111 ,0.6642871711197226 ,1480.9217174495977 ,  8.737500000000216  ,    950.0 ,            0.0 ,    0.0 ,-950.0                      ,1473.194505981391   ,                       0.105567 ,             0.164099 ,              0.013833 ,                  0.150828 ,            5.672958
0.901203007518797  ,0.6659299370096143 ,1493.0835430760214 ,  8.684060150376148  ,    900.0 ,            0.0 ,    0.0 ,-900.0                      ,1482.3965410747376  ,                       0.094316 ,             0.163853 ,              0.013682 ,                  0.092306 ,            6.363318
0.8994444444444445 ,0.6608262254650087 ,1489.7998371152178 ,  8.60513888888913   ,    950.0 ,            0.0 ,    0.0 ,-950.0                      ,1493.7106918238994  ,                       0.100874 ,             0.16187  ,              0.013766 ,                  0.098623 ,            5.942256
0.9034586466165414 ,0.6707290294246816 ,1510.9773069385667 ,  8.520150375940064  ,    900.0 ,            0.0 ,    0.0 ,-900.0                      ,1464.009760065067   ,                       0.093846 ,             0.164677 ,              0.013953 ,                  0.117414 ,            6.409356
0.9002777777777777 ,0.6660867785509619 ,1470.5077418147862 ,  8.101111111111354  ,    950.0 ,            0.0 ,    0.0 ,-950.0                      ,1463.468309859155   ,                       0.101851 ,             0.164735 ,              0.014211 ,                  0.138884 ,            5.953232
0.8996992481203008 ,0.6657219073024342 ,1474.8621392021462 ,  8.273383458646848  ,    450.0 ,            0.0 ,    0.0 ,-450.0                      ,1472.6938024135816  ,                       0.095651 ,             0.163499 ,              0.013941 ,                  0.149883 ,            6.417469
0.9029166666666667 ,0.6715276361411381 ,1476.6244201685565 ,  8.761527777778     ,    900.0 ,            0.0 ,    0.0 ,-900.0                      ,1445.492872917085   ,                       0.101604 ,             0.162822 ,              0.013944 ,                  0.166733 ,            6.38309
0.9056944444444445 ,0.6644623054227287 ,1456.3486790007264 ,  8.226388888889106  ,    850.0 ,            0.0 ,    0.0 ,-850.0                      ,1440.9832591650772  ,                       0.102668 ,             0.162887 ,              0.013988 ,                  0.102261 ,            6.227218
0.8954411764705882 ,0.6629717746296097 ,1446.211563737521  ,  8.416029411764875  ,    950.0 ,            0.0 ,    0.0 ,-950.0                      ,1480.0801246383264  ,                       0.098894 ,             0.169186 ,              0.014019 ,                  0.180475 ,            5.775672
0.9                ,0.6646941709987834 ,1488.5932346235595 ,  8.384360902255843  ,    950.0 ,            0.0 ,    0.0 ,-950.0                      ,1462.8244610646723  ,                       0.097751 ,             0.166469 ,              0.014457 ,                  0.144888 ,            6.059077
0.9057142857142857 ,0.6578655424894608 ,1469.2460293349882 ,  8.230375939849836  ,    500.0 ,            0.0 ,    0.0 ,-500.0                      ,1490.4610492845786  ,                       0.093387 ,             0.163007 ,              0.013907 ,                  0.179309 ,            6.511158
0.9013333333333333 ,0.6614542225730071 ,1495.5340362609177 ,  8.72573333333354   ,    500.0 ,            0.0 ,    0.0 ,-500.0                      ,1485.148514851485   ,                       0.105429 ,             0.161997 ,              0.013699 ,                  0.156965 ,            6.269342
0.8998666666666667 ,0.6621886644440086 ,1487.1026560843118 ,  8.488533333333551  ,    450.0 ,            0.0 ,    0.0 ,-450.0                      ,1464.009760065067   ,                       0.106026 ,             0.1609   ,              0.013621 ,                  0.151442 ,            6.166605
0.8980555555555556 ,0.6610584276537167 ,1468.1392375096525 ,  8.474861111111329  ,    900.0 ,            0.0 ,    0.0 ,-900.0                      ,1469.9877501020824  ,                       0.103172 ,             0.162744 ,              0.013633 ,                  0.138509 ,            6.306673
0.90125            ,0.6743030917384694 ,1477.2515570641758 ,  8.045694444444637  ,    950.0 ,            0.0 ,    0.0 ,-950.0                      ,1463.7904468412944  ,                       0.101836 ,             0.161097 ,              0.014039 ,                  0.119868 ,            5.970694
0.9022556390977443 ,0.6673089627835278 ,1465.7911888977228 ,  8.310375939849855  ,    900.0 ,            0.0 ,    0.0 ,-900.0                      ,1449.2753623188405  ,                       0.09475  ,             0.161758 ,              0.013783 ,                  0.154943 ,            6.486434
0.9004166666666666 ,0.6637736236647493 ,1457.191655715804  ,  8.262361111111371  ,    450.0 ,            0.0 ,    0.0 ,-450.0                      ,1440.0              ,                       0.104167 ,             0.161112 ,              0.01376  ,                  0.133078 ,            6.465791
0.9023611111111111 ,0.6613713231526084 ,1444.1797450180313 ,  8.46013888888911   ,    900.0 ,            0.0 ,    0.0 ,-900.0                      ,1417.6018901358536  ,                       0.107685 ,             0.166652 ,              0.014506 ,                  0.123637 ,            6.546228
0.9020833333333333 ,0.6668369954011242 ,1423.907847848327  ,  8.468750000000252  ,    500.0 ,            0.0 ,    0.0 ,-500.0                      ,1465.9890539483972  ,                       0.101704 ,             0.164509 ,              0.014354 ,                  0.149081 ,            6.562973
0.8942666666666667 ,0.6671891838934065 ,1473.6340345800998 ,  8.036400000000224  ,    550.0 ,            0.0 ,    0.0 ,-550.0                      ,1453.5474689977639  ,                       0.108172 ,             0.165613 ,              0.014406 ,                  0.113088 ,            6.269005
0.9041958041958041 ,0.6644144144144144 ,1458.0422346913722 ,  8.504335664335866  ,    850.0 ,            0.0 ,    0.0 ,-850.0                      ,1456.4146498179482  ,                       0.102368 ,             0.168053 ,              0.01403  ,                  0.203595 ,            6.03951
0.9011764705882352 ,0.6568659302577431 ,1473.8690601722217 ,  8.717794117647339  ,    500.0 ,            0.0 ,    0.0 ,-500.0                      ,1451.5192568221405  ,                       0.100434 ,             0.16697  ,              0.014117 ,                  0.114501 ,            6.484608
0.8974666666666666 ,0.6711069602831302 ,1466.7651550576118 ,  8.530800000000273  ,    550.0 ,            0.0 ,    1.0 ,-550.0                      , 188.93978623116246 ,                       0.107493 ,             0.166763 ,              0.013756 ,                  0.080079 ,           16.368838
0.8989090909090909 ,0.6592872570194385 ,1452.8529409045461 , 38.56400000000027   ,    900.0 ,            0.0 ,    0.0 ,-900.0                      ,1481.7863757974892  ,                       0.059134 ,             0.167694 ,              0.014213 ,                  0.090993 ,           12.17907
0.9047222222222222 ,0.6590138674884437 ,1497.742776823429  ,  8.353472222222479  ,    500.0 ,            0.0 ,    0.0 ,-500.0                      ,1423.4200037957867  ,                       0.10268  ,             0.163058 ,              0.013856 ,                  0.113267 ,            6.687966
0.8921333333333333 ,0.6647220315717227 ,1427.721322503972  ,  7.902933333333531  ,    900.0 ,            0.0 ,    0.0 ,-900.0                      ,1465.201465201465   ,                       0.105054 ,             0.162381 ,              0.014121 ,                  0.081331 ,            6.249588
0.9065277777777778 ,0.662389245340666  ,1475.338790037775  ,  9.075694444444668  ,    550.0 ,            0.0 ,    0.0 ,-550.0                      ,1476.3576295684493  ,                       0.101914 ,             0.161098 ,              0.013855 ,                  0.118616 ,            6.307269
0.8987412587412588 ,0.6682909314731227 ,1489.9912184293785 ,  8.120279720279942  ,    900.0 ,            0.0 ,    0.0 ,-900.0                      ,1456.3106796116506  ,                       0.102045 ,             0.161874 ,              0.014185 ,                  0.125412 ,            6.403238
0.9061111111111111 ,0.6689679860898026 ,1473.1888830711569 ,  7.976250000000218  ,    850.0 ,            0.0 ,    0.0 ,-850.0                      ,1454.234388366125   ,                       0.101461 ,             0.161711 ,              0.013965 ,                  0.13998  ,            6.122238
0.8979411764705882 ,0.6670264436049649 ,1469.9514894391552 ,  9.152500000000247  ,    500.0 ,            0.0 ,    0.0 ,-500.0                      ,1447.8764478764479  ,                       0.095774 ,             0.16267  ,              0.013965 ,                  0.090364 ,            6.565871
0.8992             ,0.6682220039292731 ,1454.5824097543132 ,  8.2058666666669    ,    450.0 ,            0.0 ,    1.0 ,-450.0                      , 224.20094358429134 ,                       0.104663 ,             0.161599 ,              0.01403  ,                  0.185103 ,           16.238874
0.9041269841269841 ,0.6607393542349087 ,1463.8056623720622 , 42.19047619047654   ,    950.0 ,            0.0 ,    0.0 ,-950.0                      ,1417.306052855925   ,                       0.066538 ,             0.161299 ,              0.013931 ,                  0.16581  ,            9.724267
0.9018045112781955 ,0.6704987226480063 ,1437.8596000371897 ,  8.675639097744545  ,    500.0 ,            0.0 ,    0.0 ,-500.0                      ,1421.2620807276862  ,                       0.094831 ,             0.162124 ,              0.014148 ,                  0.168532 ,            6.788534
0.8933333333333333 ,0.6628343037599921 ,1434.4463744654774 ,  8.380933333333585  ,    550.0 ,            0.0 ,    0.0 ,-550.0                      ,1472.7085478887745  ,                       0.120977 ,             0.161444 ,              0.013953 ,                  0.085668 ,            6.161279
0.9023776223776224 ,0.6614743985194325 ,1486.2087106796464 ,  8.69328671328695   ,      1.0 ,            0.0 ,    0.0 ,-1.0                        ,1462.1832358674465  ,                       0.101331 ,             0.166694 ,              0.014236 ,                  0.104181 ,            6.592354
0.8984             ,0.6625097427903351 ,1462.8811463682805 , 12.498266666667018  ,    550.0 ,            0.0 ,    0.0 ,-550.0                      ,1487.4141876430208  ,                       0.15539  ,             0.165977 ,              0.01555  ,                  0.092903 ,            6.072824
0.8959440559440559 ,0.6651399752984768 ,1503.9317824957066 ,  8.421818181818399  ,    850.0 ,            0.0 ,    0.0 ,-850.0                      ,1486.0139860139861  ,                       0.10765  ,             0.161146 ,              0.014014 ,                  0.142256 ,            5.993533
0.9017647058823529 ,0.6675824175824175 ,1492.1734405854938 ,  8.683382352941413  ,    950.0 ,            0.0 ,    0.0 ,-950.0                      ,1460.896309314587   ,                       0.098744 ,             0.16286  ,              0.014027 ,                  0.167058 ,            5.833683
0.902406015037594  ,0.6680709534368071 ,1476.06259304466   ,  8.478646616541575  ,    550.0 ,            0.0 ,    0.0 ,-550.0                      ,1496.4420259522813  ,                       0.096571 ,             0.161049 ,              0.013985 ,                  0.140645 ,            6.264651
0.8986013986013986 ,0.6669239477204899 ,1512.1406921078521 ,  8.541538461538707  ,    950.0 ,            0.0 ,    0.0 ,-950.0                      ,1461.2173148758513  ,                       0.101499 ,             0.16514  ,              0.015539 ,                  0.085853 ,            6.028884
0.9009022556390978 ,0.660845383759733  ,1482.1071775218945 ,  8.806917293233315  ,    850.0 ,            0.0 ,    0.0 ,-850.0                      ,1486.6637516397027  ,                       0.094525 ,             0.162519 ,              0.014321 ,                  0.142304 ,            5.997007
0.9008823529411765 ,0.661040096143341  ,1493.9798106204828 ,  8.475147058823753  ,    550.0 ,            0.0 ,    0.0 ,-550.0                      ,1504.946327089034   ,                       0.098345 ,             0.16062  ,              0.01409  ,                  0.114122 ,            6.094011
0.8935664335664336 ,0.6562821303721982 ,1509.198830719183  ,  8.58279720279741   ,    550.0 ,            0.0 ,    0.0 ,-550.0                      ,1473.0119489081171  ,                       0.101023 ,             0.161263 ,              0.013933 ,                  0.142321 ,            6.293169
0.9033566433566433 ,0.6724792286388348 ,1485.016597916283  ,  8.796223776223982  ,    550.0 ,            0.0 ,    0.0 ,-550.0                      ,1453.843025620171   ,                       0.101058 ,             0.160832 ,              0.013954 ,                  0.142992 ,            6.347427
0.9043356643356644 ,0.6625051376900946 ,1458.261100120332  ,  8.682377622377834  ,    550.0 ,            0.0 ,    0.0 ,-550.0                      ,1469.0774604479145  ,                       0.102619 ,             0.159042 ,              0.013699 ,                  0.175643 ,            6.228604
0.9015384615384615 ,0.6579680247550284 ,1477.8705931035738 ,  8.932727272727469  ,    850.0 ,            0.0 ,    0.0 ,-850.0                      ,1446.5007445224421  ,                       0.100471 ,             0.158558 ,              0.013748 ,                  0.114793 ,            6.188533
0.8969117647058824 ,0.6619978284473399 ,1457.521604542666  ,  8.286617647059062  ,    550.0 ,            0.0 ,    0.0 ,-550.0                      ,1454.730417090539   ,                       0.099011 ,             0.160317 ,              0.013938 ,                  0.177795 ,            6.204338
0.8988811188811189 ,0.6552626179729175 ,1469.4355353492756 ,  8.747132867133113  ,    900.0 ,            0.0 ,    0.0 ,-900.0                      ,1468.189233278956   ,                       0.105586 ,             0.16179  ,              0.014035 ,                  0.216133 ,            6.222396
0.9008333333333334 ,0.6655274433789022 ,1483.753211449876  ,  8.435138888889108  ,    600.0 ,            0.0 ,    0.0 ,-600.0                      ,1462.225832656377   ,                       0.101797 ,             0.161202 ,              0.013996 ,                  0.138583 ,            6.355687
0.9004166666666666 ,0.6678783534712267 ,1466.9514182364064 ,  8.372638888889105  ,    950.0 ,            0.0 ,    0.0 ,-950.0                      ,1482.7201783723522  ,                       0.113962 ,             0.173608 ,              0.013853 ,                  0.16929  ,            5.657888
0.9051127819548872 ,0.663281077500552  ,1500.9829745645457 ,  8.481052631579162  ,    550.0 ,            0.0 ,    0.0 ,-550.0                      ,1463.0652752199712  ,                       0.094558 ,             0.159577 ,              0.013904 ,                  0.239375 ,            6.238247
0.8911888111888112 ,0.6583445560965503 ,1475.8977638394313 ,  8.383216783216978  ,    550.0 ,            0.0 ,    0.0 ,-550.0                      ,1449.7161394971613  ,                       0.101057 ,             0.159592 ,              0.014191 ,                  0.151294 ,            6.383309
0.8969230769230769 ,0.6541886714300508 ,1455.2201290118792 ,  8.544475524475722  ,     20.0 ,            0.0 ,    0.0 ,-20.0                       ,1463.985945734921   ,                       0.101333 ,             0.160213 ,              0.014679 ,                  0.13224  ,            6.587129
0.8998666666666667 ,0.6677835813540948 ,1464.0542473092148 ,  9.048133333333526  ,    600.0 ,            0.0 ,    0.0 ,-600.0                      ,1466.3951120162933  ,                       0.11037  ,             0.160734 ,              0.013973 ,                  0.145989 ,            6.198449
0.9001388888888889 ,0.6614795918367347 ,1470.5957444635644 ,  8.6511111111113    ,    850.0 ,            0.0 ,    0.0 ,-850.0                      ,1461.4227380184827  ,                       0.102668 ,             0.159367 ,              0.013943 ,                  0.144347 ,            5.857763
0.904264705882353  ,0.6623468941382327 ,1468.9014129535503 ,  8.33897058823544   ,    550.0 ,            0.0 ,    0.0 ,-550.0                      ,1495.81589958159    ,                       0.099274 ,             0.161569 ,              0.014147 ,                  0.129395 ,            6.064356
0.9026573426573427 ,0.6616545211947039 ,1506.3816859381693 ,  8.427832167832378  ,    850.0 ,            0.0 ,    0.0 ,-850.0                      ,1484.71615720524    ,                       0.102538 ,             0.159395 ,              0.014012 ,                  0.135464 ,            6.013313
0.9029411764705882 ,0.6639397201291711 ,1501.5144318722053 ,  8.46382352941195   ,    550.0 ,            0.0 ,    0.0 ,-550.0                      ,1446.1974110032363  ,                       0.096294 ,             0.160769 ,              0.01397  ,                  0.167925 ,            6.191033
0.9                ,0.6675534636242709 ,1462.9814538966461 ,  8.160000000000203  ,    800.0 ,            0.0 ,    1.0 ,-800.0                      , 134.02611244337865 ,                       0.10375  ,             0.158823 ,              0.013945 ,                  0.133523 ,           16.442662
0.8925             ,0.6719178082191781 ,1462.661898388878  , 36.53437500000002   ,    550.0 ,            0.0 ,    0.0 ,-550.0                      ,1430.286057211442   ,                       0.050151 ,             0.159415 ,              0.014033 ,                  0.081208 ,           15.306748
0.8974825174825175 ,0.668898043254377  ,1447.927367913079  ,  8.112867132867365  ,    250.0 ,            0.0 ,    0.0 ,-250.0                      ,1480.7502467917077  ,                       0.099457 ,             0.16216  ,              0.01421  ,                  0.166205 ,            6.538888
0.8994666666666666 ,0.6698113207547169 ,1494.139982986726  ,  8.321066666666935  ,    550.0 ,            0.0 ,    0.0 ,-550.0                      ,1469.6813977389518  ,                       0.10805  ,             0.158518 ,              0.014071 ,                  0.214295 ,            6.04226
0.9033566433566433 ,0.6682185613424741 ,1469.4542590744454 ,  8.79342657342681   ,    500.0 ,            0.0 ,    0.0 ,-500.0                      ,1440.6454091432963  ,                       0.10406  ,             0.163222 ,              0.014035 ,                  0.124569 ,            6.69758
0.9036             ,0.6634895934643066 ,1444.177902691678  ,  8.448000000000233  ,    200.0 ,            0.0 ,    0.0 ,-200.0                      ,1432.1656667311786  ,                       0.109771 ,             0.162512 ,              0.014323 ,                  0.13446  ,            6.472709
0.8952702702702703 ,0.6664518048393495 ,1434.9427961993406 ,  8.08581081081105   ,    850.0 ,            0.0 ,    0.0 ,-850.0                      ,1417.25719049604    ,                       0.106573 ,             0.160472 ,              0.01426  ,                  0.179402 ,            6.166691
0.9069117647058823 ,0.6599288486416559 ,1436.0270032207131 ,  8.123970588235526  ,    550.0 ,            0.0 ,    0.0 ,-550.0                      ,1429.7140571885623  ,                       0.099422 ,             0.163577 ,              0.014171 ,                  0.115554 ,            6.365859
0.8974825174825175 ,0.6605070250458155 ,1433.9890707971435 ,  8.735244755244985  ,    550.0 ,            0.0 ,    0.0 ,-550.0                      ,1435.454727966272   ,                       0.102092 ,             0.159787 ,              0.014469 ,                  0.120949 ,            6.501598
0.9025174825174825 ,0.6596256137479541 ,1451.534972857311  ,  8.417482517482727  ,    300.0 ,            0.0 ,    0.0 ,-300.0                      ,1451.5192568221405  ,                       0.105026 ,             0.160954 ,              0.014148 ,                  0.104396 ,            6.663958
0.9002666666666667 ,0.6724897240164416 ,1454.365783078047  ,  7.986000000000194  ,    150.0 ,            0.0 ,    0.0 ,-150.0                      ,1436.231328992723   ,                       0.106739 ,             0.158126 ,              0.014132 ,                  0.153077 ,            6.46811
0.8929333333333334 ,0.6656471981057617 ,1438.2934705503658 ,  8.26440000000026   ,    650.0 ,            0.0 ,    0.0 ,-650.0                      ,1452.3664432256753  ,                       0.110847 ,             0.159179 ,              0.013999 ,                  0.147481 ,            6.179613
0.8921678321678321 ,0.6571282051282051 ,1465.2579151080797 ,  8.913846153846404  ,    550.0 ,            0.0 ,    0.0 ,-550.0                      ,1464.2637722711447  ,                       0.10137  ,             0.158038 ,              0.013891 ,                  0.134826 ,            6.259071
0.8993006993006993 ,0.6644824408723252 ,1476.092158523627  ,  8.543076923077155  ,    900.0 ,            0.0 ,    0.0 ,-900.0                      ,1435.4066985645932  ,                       0.102637 ,             0.158877 ,              0.014092 ,                  0.129124 ,            6.519022
0.8977777777777778 ,0.6613791696419463 ,1442.0708136884566 ,  8.276111111111343  ,    750.0 ,            0.0 ,    0.0 ,-750.0                      ,1483.0927427328456  ,                       0.102051 ,             0.159299 ,              0.014071 ,                  0.079315 ,            6.517297
0.9030666666666667 ,0.658211732445402  ,1490.034352245313  ,  8.4748000000002    ,    850.0 ,            1.0 ,    0.0 ,850.0                       ,  73.45334160976618 ,                       0.105964 ,             0.157731 ,              0.014243 ,                  0.158742 ,            5.903319
0.9079411764705883 ,0.6641519529159978 ,1421.8528750283324 , 12.894411764706154  ,    950.0 ,            0.0 ,    0.0 ,-950.0                      ,1428.3566058002148  ,                       0.09834  ,             0.16142  ,              0.014497 ,                  0.199739 ,            5.928904
0.897428184689427  ,0.6615452636233006 ,1445.9050160660945 ,  8.67829748834433   ,    350.0 ,            0.0 ,    0.0 ,-350.0                      ,1484.5485760452434  ,                       0.098222 ,             0.160066 ,              0.013911 ,                  0.08899  ,            6.494266
0.8974149659863946 ,0.6596642878681275 ,1488.2889880586574 ,  8.667755102041028  ,    300.0 ,            0.0 ,    0.0 ,-300.0                      ,1448.7154722812438  ,                       0.114655 ,             0.161371 ,              0.014038 ,                  0.159787 ,            6.391776
0.9005333333333333 ,0.6602912621359224 ,1451.7642613578294 ,  8.6137333333336    ,    900.0 ,            0.0 ,    0.0 ,-900.0                      ,1440.576230492197   ,                       0.107371 ,             0.158978 ,              0.014014 ,                  0.074585 ,            6.275238
0.8945833333333333 ,0.6568405916187346 ,1449.2604846447832 ,  8.750138888889094  ,    350.0 ,            0.0 ,    0.0 ,-350.0                      ,1444.0078585461688  ,                       0.102026 ,             0.159204 ,              0.014776 ,                  0.152123 ,            6.464233
0.8971428571428571 ,0.6682163567286543 ,1447.4017169925946 ,  7.964897959183873  ,    450.0 ,            0.0 ,    0.0 ,-450.0                      ,1441.7300760913097  ,                       0.103418 ,             0.158702 ,              0.014197 ,                  0.107944 ,            6.288515
0.9080555555555555 ,0.6599795814190914 ,1445.9515365243342 ,  8.37000000000019   ,    700.0 ,            0.0 ,    0.0 ,-700.0                      ,1446.2809917355373  ,                       0.108926 ,             0.160049 ,              0.014071 ,                  0.130837 ,            6.286722
0.9062857142857143 ,0.6610010427528675 ,1463.1721656160396 ,  8.708285714285935  ,    500.0 ,            0.0 ,    0.0 ,-500.0                      ,1472.0314033366044  ,                       0.10351  ,             0.163786 ,              0.014015 ,                  0.112048 ,            6.542345
0.8961333333333333 ,0.6591528724440117 ,1478.8419129825756 ,  8.57293333333357   ,    550.0 ,            0.0 ,    0.0 ,-550.0                      ,1479.106330161357   ,                       0.109241 ,             0.161064 ,              0.015676 ,                  0.162712 ,            6.030474
0.8998601398601399 ,0.6650020593080724 ,1494.1557612451938 ,  8.309510489510735  ,    800.0 ,            0.0 ,    0.0 ,-800.0                      ,1483.9241549876338  ,                       0.102752 ,             0.158462 ,              0.017122 ,                  0.110321 ,            6.291212
0.9009722222222222 ,0.6640601042624962 ,1495.674695739259  ,  8.725972222222401  ,    500.0 ,            0.0 ,    0.0 ,-500.0                      ,1478.7066246056781  ,                       0.105267 ,             0.161275 ,              0.014073 ,                  0.132382 ,            6.242513
0.9049333333333334 ,0.6636878601425921 ,1494.559504491749  ,  8.417600000000222  ,    950.0 ,            0.0 ,    0.0 ,-950.0                      ,1454.5056867891512  ,                       0.106251 ,             0.157235 ,              0.013611 ,                  0.159063 ,            5.794952
0.9069172932330827 ,0.671012101210121  ,1469.6230030254346 ,  8.399097744361063  ,    750.0 ,            0.0 ,    0.0 ,-750.0                      ,1469.435736677116   ,                       0.097859 ,             0.161637 ,              0.013911 ,                  0.115574 ,            6.635881
0.8998666666666667 ,0.660667251975417  ,1476.5334538184632 ,  8.76586666666686   ,    250.0 ,            0.0 ,    0.0 ,-250.0                      ,1499.4002399040385  ,                       0.106313 ,             0.156734 ,              0.013603 ,                  0.180764 ,            6.031448
0.8990666666666667 ,0.6722844617632733 ,1512.8715108140054 ,  8.813600000000196  ,    750.0 ,            0.0 ,    0.0 ,-750.0                      ,1465.9890539483972  ,                       0.107223 ,             0.157999 ,              0.013825 ,                  0.080372 ,            6.451245
0.8978666666666667 ,0.6759879599961162 ,1472.2943646460901 ,  8.580133333333546  ,    200.0 ,            0.0 ,    0.0 ,-200.0                      ,1453.8310412573674  ,                       0.106589 ,             0.158339 ,              0.013781 ,                  0.181513 ,            6.202214
0.902972972972973  ,0.6670454545454545 ,1456.2047408122828 ,  8.518783783784027  ,    250.0 ,            0.0 ,    0.0 ,-250.0                      ,1464.2717688402968  ,                       0.107498 ,             0.15845  ,              0.013783 ,                  0.14956  ,            6.442409
0.8966666666666666 ,0.6629081282478675 ,1471.3573801520558 ,  8.320266666666855  ,    250.0 ,            0.0 ,    0.0 ,-250.0                      ,1490.757304710793   ,                       0.107054 ,             0.157992 ,              0.014044 ,                  0.175172 ,            6.274434
0.9016             ,0.6693225144197869 ,1492.973469662381  ,  8.754800000000309  ,    700.0 ,            0.0 ,    0.0 ,-700.0                      ,1448.975367418754   ,                       0.108001 ,             0.163944 ,              0.01422  ,                  0.1748   ,            6.054557
0.9007142857142857 ,0.6660848407912832 ,1458.2807744637537 ,  8.320000000000222  ,    300.0 ,            0.0 ,    0.0 ,-300.0                      ,1467.710371819961   ,                       0.102107 ,             0.165617 ,              0.013972 ,                  0.193845 ,            6.569384
0.8992             ,0.668412294440094  ,1464.0451019590291 ,  8.253200000000215  ,    800.0 ,            0.0 ,    0.0 ,-800.0                      ,1438.8489208633093  ,                       0.110806 ,             0.162796 ,              0.015638 ,                  0.116856 ,            6.201282
0.8961111111111111 ,0.6651863195507912 ,1445.1061380281087 ,  8.27208333333355   ,    250.0 ,            0.0 ,    0.0 ,-250.0                      ,1432.9384791746274  ,                       0.102448 ,             0.164598 ,              0.014236 ,                  0.10043  ,            6.5012
0.9053333333333333 ,0.6625012251298638 ,1435.603424316136  ,  8.340266666666874  ,    250.0 ,            0.0 ,    0.0 ,-250.0                      ,1477.8325123152708  ,                       0.107136 ,             0.159122 ,              0.013894 ,                  0.07734  ,            6.410281
0.9050666666666667 ,0.6669774288518155 ,1491.476510040421  ,  8.624666666666894  ,    550.0 ,            0.0 ,    0.0 ,-550.0                      ,1439.7905759162304  ,                       0.10618  ,             0.161484 ,              0.014368 ,                  0.161661 ,            6.192004
0.9012587412587413 ,0.6629057187017001 ,1445.1173728372503 ,  8.171888111888327  ,    850.0 ,            0.0 ,    0.0 ,-850.0                      ,1458.6014586014587  ,                       0.105301 ,             0.158196 ,              0.013968 ,                  0.165712 ,            6.091778
0.8983823529411765 ,0.66619549853213   ,1475.3425778009973 ,  8.38647058823552   ,    350.0 ,            0.0 ,    0.0 ,-350.0                      ,1465.311004784689   ,                       0.096984 ,             0.157048 ,              0.013813 ,                  0.148687 ,            6.30271
0.9048979591836734 ,0.6630347860855658 ,1475.5240670020423 ,  8.2378231292519    ,    250.0 ,            0.0 ,    0.0 ,-250.0                      ,1448.1560146746476  ,                       0.104592 ,             0.164122 ,              0.013811 ,                  0.094594 ,            6.488416
0.8993333333333333 ,0.6596535864566004 ,1450.1970431062368 ,  8.688666666666899  ,    950.0 ,            0.0 ,    0.0 ,-950.0                      ,1432.8808446455505  ,                       0.109001 ,             0.170498 ,              0.015915 ,                  0.16826  ,            5.914605
0.8941353383458647 ,0.6554729129662522 ,1441.7319167793314 ,  8.520150375940057  ,    950.0 ,            0.0 ,    0.0 ,-950.0                      ,1453.551912568306   ,                       0.094036 ,             0.15838  ,              0.01398  ,                  0.138803 ,            6.111797
0.8960902255639098 ,0.6608313882405246 ,1471.3291057881202 ,  8.302406015037825  ,    850.0 ,            0.0 ,    0.0 ,-850.0                      ,1439.4580863674853  ,                       0.098068 ,             0.163432 ,              0.014368 ,                  0.122741 ,            6.220226
0.8966176470588235 ,0.6653683868873742 ,1454.216661601858  ,  8.254852941176672  ,    800.0 ,            0.0 ,    0.0 ,-800.0                      ,1455.7217953902143  ,                       0.099868 ,             0.165386 ,              0.015561 ,                  0.184061 ,            6.207435
0.9016666666666666 ,0.6692071611253196 ,1473.13945044942   ,  8.327083333333588  ,    800.0 ,            0.0 ,    0.0 ,-800.0                      ,1498.7510407993339  ,                       0.102257 ,             0.15867  ,              0.014151 ,                  0.135058 ,            5.999539
0.90125            ,0.6615087040618955 ,1504.6204385968579 ,  8.265694444444694  ,    700.0 ,            0.0 ,    0.0 ,-700.0                      ,1412.7144298688195  ,                       0.11467  ,             0.158279 ,              0.013923 ,                  0.143149 ,            6.134363
0.9008571428571429 ,0.6606171548117155 ,1428.856325026439  ,  9.320571428571643  ,    250.0 ,            0.0 ,    0.0 ,-250.0                      ,1448.1560146746476  ,                       0.099381 ,             0.156808 ,              0.014029 ,                  0.155298 ,            6.651696
0.9058666666666667 ,0.6660171473109898 ,1452.4288871451133 ,  9.220400000000259  ,    750.0 ,            0.0 ,    0.0 ,-750.0                      ,1439.8157035899403  ,                       0.114555 ,             0.159358 ,              0.014069 ,                  0.17133  ,            6.460554
0.9034666666666666 ,0.6674985320023488 ,1445.0240596505932 ,  8.52440000000025   ,    800.0 ,            0.0 ,    0.0 ,-800.0                      ,1443.4643143544508  ,                       0.107475 ,             0.15848  ,              0.01411  ,                  0.108963 ,            6.146413
0.905              ,0.6620960342542563 ,1451.6998296067325 ,  8.565694444444711  ,    750.0 ,            0.0 ,    0.0 ,-750.0                      ,1464.557703573521   ,                       0.107276 ,             0.161976 ,              0.014467 ,                  0.184887 ,            6.311342
0.9024             ,0.6595391525092755 ,1478.8687403429872 ,  8.372266666666906  ,    250.0 ,            0.0 ,    0.0 ,-250.0                      ,1478.7066246056781  ,                       0.114443 ,             0.161608 ,              0.014419 ,                  0.145048 ,            6.164482
0.9030666666666667 ,0.6689004108784974 ,1488.618322033397  ,  8.386400000000164  ,    550.0 ,            0.0 ,    0.0 ,-550.0                      ,1459.1836734693877  ,                       0.106985 ,             0.159543 ,              0.014144 ,                  0.19157  ,            6.106832
0.9011188811188812 ,0.6576288659793814 ,1463.0320449034205 ,  7.9429370629372675 ,     10.0 ,            0.0 ,    0.0 ,-10.0                       ,1453.206742879287   ,                       0.1017   ,             0.160264 ,              0.014656 ,                  0.120065 ,            6.600685
0.9052             ,0.6691678035470668 ,1453.7703922795877 ,  9.24613333333359   ,    550.0 ,            0.0 ,    0.0 ,-550.0                      ,1435.7429718875503  ,                       0.11306  ,             0.160236 ,              0.014545 ,                  0.157568 ,            6.25679
0.9008391608391608 ,0.6623695518723143 ,1439.4166638146755 ,  8.126573426573653  ,    250.0 ,            0.0 ,    0.0 ,-250.0                      ,1436.231328992723   ,                       0.103554 ,             0.16133  ,              0.014224 ,                  0.098216 ,            6.738955
0.8968             ,0.6674148531277447 ,1437.9504259880205 ,  8.3032000000002    ,    550.0 ,            0.0 ,    0.0 ,-550.0                      ,1461.2712037604742  ,                       0.106711 ,             0.160084 ,              0.014202 ,                  0.124418 ,            6.159475
0.8983216783216783 ,0.6598335388409371 ,1469.0291669063683 ,  8.310769230769424  ,    350.0 ,            0.0 ,    0.0 ,-350.0                      ,1437.2311302307392  ,                       0.10118  ,             0.160465 ,              0.01429  ,                  0.16195  ,            6.542603
0.8982312925170068 ,0.6585268613575201 ,1440.5779245838837 ,  8.183129251700889  ,    750.0 ,            0.0 ,    0.0 ,-750.0                      ,1425.0427512825386  ,                       0.104544 ,             0.160072 ,              0.014264 ,                  0.119935 ,            6.562558
0.8997333333333334 ,0.6669268292682927 ,1443.4624622775143 ,  8.372400000000244  ,    250.0 ,            0.0 ,    0.0 ,-250.0                      ,1441.753171856978   ,                       0.117105 ,             0.16066  ,              0.014219 ,                  0.070119 ,            6.319771
0.8984             ,0.669596640296904  ,1444.2960991873235 ,  8.493466666666917  ,    250.0 ,            0.0 ,    0.0 ,-250.0                      ,1467.710371819961   ,                       0.107103 ,             0.16047  ,              0.014469 ,                  0.146016 ,            6.374446
0.8981333333333333 ,0.658354604358924  ,1477.4688948473568 ,  8.42120000000021   ,    900.0 ,            0.0 ,    0.0 ,-900.0                      ,1456.3106796116506  ,                       0.10759  ,             0.159766 ,              0.013788 ,                  0.127685 ,            6.212583
0.8986111111111111 ,0.6627134239852775 ,1463.5880633823072 ,  8.546388888889103  ,    250.0 ,            0.0 ,    0.0 ,-250.0                      ,1455.1804423748545  ,                       0.10136  ,             0.157015 ,              0.013688 ,                  0.16083  ,            6.601392
0.8944             ,0.6698648913256315 ,1457.0038173500016 ,  8.543866666666878  ,    900.0 ,            0.0 ,    1.0 ,-900.0                      , 127.81452528896905 ,                       0.106678 ,             0.156509 ,              0.013882 ,                  0.180676 ,           16.212312
0.9062962962962963 ,0.6581452270872994 ,1422.610764737589  , 41.18833333333354   ,    600.0 ,            0.0 ,    0.0 ,-600.0                      ,1427.7215942891137  ,                       0.043284 ,             0.157611 ,              0.014087 ,                  0.217573 ,           18.377373
0.9047222222222222 ,0.6673278405045265 ,1445.3007851596515 ,  8.63500000000023   ,    550.0 ,            0.0 ,    0.0 ,-550.0                      ,1440.9512293430068  ,                       0.131925 ,             0.19352  ,              0.018971 ,                  0.147493 ,            6.12068
0.9030769230769231 ,0.6657455736362706 ,1445.1004324589364 ,  8.346993006993223  ,    500.0 ,            0.0 ,    0.0 ,-500.0                      ,1450.6769825918761  ,                       0.101293 ,             0.158025 ,              0.014009 ,                  0.171507 ,            6.631001
0.9016             ,0.6653446925186055 ,1460.562191809206  ,  8.421066666666892  ,    800.0 ,            0.0 ,    0.0 ,-800.0                      ,1431.6961622588983  ,                       0.116875 ,             0.161199 ,              0.01412  ,                  0.059958 ,            6.351779
0.8976388888888889 ,0.6679093044632826 ,1437.3914220472686 ,  8.263611111111326  ,    800.0 ,            0.0 ,    0.0 ,-800.0                      ,1446.6546112115732  ,                       0.102681 ,             0.158723 ,              0.013998 ,                  0.141921 ,            6.17824
0.8991666666666667 ,0.6611865618298784 ,1462.34195282363   ,  8.330138888889108  ,    850.0 ,            0.0 ,    0.0 ,-850.0                      ,1434.5991561181436  ,                       0.105061 ,             0.163504 ,              0.014229 ,                  0.170145 ,            5.876478
0.9057352941176471 ,0.6678525226390686 ,1446.3475258311287 ,  7.908970588235524  ,    250.0 ,            0.0 ,    0.0 ,-250.0                      ,1473.4774066797643  ,                       0.096508 ,             0.177089 ,              0.015579 ,                  0.141624 ,            6.383061
0.9025333333333333 ,0.6619262455865045 ,1475.799834316872  ,  8.681733333333526  ,    750.0 ,            0.0 ,    0.0 ,-750.0                      ,1431.2977099236641  ,                       0.120677 ,             0.176646 ,              0.015702 ,                  0.159559 ,            6.455524
0.9042666666666667 ,0.6590266263532625 ,1443.1355525679444 ,  8.91893333333354   ,    250.0 ,            0.0 ,    0.0 ,-250.0                      ,1446.7592592592594  ,                       0.128674 ,             0.161229 ,              0.014054 ,                  0.086988 ,            6.320115
0.8993333333333333 ,0.6623408423114594 ,1448.9950832698833 ,  8.357600000000216  ,    850.0 ,            0.0 ,    0.0 ,-850.0                      ,1417.5526370648322  ,                       0.105754 ,             0.167638 ,              0.014299 ,                  0.14169  ,            6.096102
0.8961764705882352 ,0.6631059538011062 ,1421.4608394855063 ,  8.206323529411986  ,    800.0 ,            0.0 ,    0.0 ,-800.0                      ,1444.9127031908488  ,                       0.100227 ,             0.165132 ,              0.014253 ,                  0.066153 ,            6.36893
0.9033333333333333 ,0.6704626334519573 ,1457.8186254957088 ,  8.718888888889117  ,    250.0 ,            0.0 ,    0.0 ,-250.0                      ,1454.6159813809154  ,                       0.10255  ,             0.165172 ,              0.014678 ,                  0.114804 ,            6.410655
0.9036             ,0.6647960179582276 ,1456.8243870071467 ,  9.030266666666925  ,    250.0 ,            0.0 ,    0.0 ,-250.0                      ,1478.123768230193   ,                       0.107174 ,             0.165061 ,              0.015867 ,                  0.127732 ,            6.326736
0.8964             ,0.6675144282500245 ,1483.1616656103258 ,  8.34253333333355   ,    750.0 ,            0.0 ,    0.0 ,-750.0                      ,1481.6278150928486  ,                       0.109583 ,             0.164464 ,              0.014572 ,                  0.131163 ,            6.299968
0.8950666666666667 ,0.6689354617569288 ,1487.248332794619  ,  8.35533333333356   ,    250.0 ,            0.0 ,    0.0 ,-250.0                      ,1459.4279042615294  ,                       0.109895 ,             0.163909 ,              0.014724 ,                  0.152394 ,            6.224879
0.9056             ,0.6647362273700603 ,1462.6574770172629 ,  8.579733333333573  ,    450.0 ,            0.0 ,    0.0 ,-450.0                      ,1467.5907052588666  ,                       0.113433 ,             0.157189 ,              0.013664 ,                  0.181546 ,            6.133824
0.9                ,0.6635242560130452 ,1471.4309420673114 ,  8.628888888889122  ,    350.0 ,            0.0 ,    0.0 ,-350.0                      ,1452.8562957106149  ,                       0.101819 ,             0.157009 ,              0.013673 ,                  0.120727 ,            6.514031
0.9059863945578231 ,0.6636854202058559 ,1456.193826332541  ,  8.842857142857351  ,    250.0 ,            0.0 ,    0.0 ,-250.0                      ,1451.2383900928794  ,                       0.104815 ,             0.159153 ,              0.013978 ,                  0.181434 ,            6.381786
0.896              ,0.6644170579029735 ,1453.053863931774  ,  8.864533333333585  ,    250.0 ,            0.0 ,    0.0 ,-250.0                      ,1480.4579549940781  ,                       0.107152 ,             0.159916 ,              0.013885 ,                  0.095983 ,            6.356318
0.8925333333333333 ,0.6600530399764267 ,1493.536868555015  ,  8.599466666666885  ,    250.0 ,            0.0 ,    0.0 ,-250.0                      ,1500.0              ,                       0.106976 ,             0.163986 ,              0.015521 ,                  0.07907  ,            6.29908
0.8957333333333334 ,0.6570147216535049 ,1502.506180308755  ,  8.454800000000207  ,    250.0 ,            0.0 ,    0.0 ,-250.0                      ,1460.2803738317757  ,                       0.107871 ,             0.165985 ,              0.014464 ,                  0.139122 ,            6.435889
0.9042666666666667 ,0.6601922890162183 ,1462.0954674260727 ,  8.896000000000196  ,    250.0 ,            0.0 ,    0.0 ,-250.0                      ,1470.0117600940807  ,                       0.10917  ,             0.164956 ,              0.0143   ,                  0.082536 ,            6.424304
0.9009333333333334 ,0.6656720798278224 ,1473.497381398687  ,  8.598133333333589  ,    500.0 ,            0.0 ,    0.0 ,-500.0                      ,1434.5830145371078  ,                       0.108731 ,             0.164311 ,              0.014297 ,                  0.145066 ,            6.489157
0.8978666666666667 ,0.6651548018142378 ,1438.0061182366976 ,  8.705066666666891  ,    250.0 ,            0.0 ,    0.0 ,-250.0                      ,1424.772036474164   ,                       0.110599 ,             0.163489 ,              0.015134 ,                  0.141754 ,            6.561623
0.9                ,0.6576198379381041 ,1418.0162557602184 ,  8.53066666666687   ,    250.0 ,            0.0 ,    0.0 ,-250.0                      ,1460.2803738317757  ,                       0.106597 ,             0.156804 ,              0.013678 ,                  0.149179 ,            6.438344
0.9005333333333333 ,0.6633359329303958 ,1450.4873250615585 ,  8.774533333333519  ,    250.0 ,            0.0 ,    0.0 ,-250.0                      ,1511.1827523675197  ,                       0.109753 ,             0.16261  ,              0.014051 ,                  0.153232 ,            6.198879
0.8982666666666667 ,0.6609032131661442 ,1515.0223556698804 ,  8.763600000000212  ,    350.0 ,            0.0 ,    0.0 ,-350.0                      ,1485.148514851485   ,                       0.106666 ,             0.156565 ,              0.013904 ,                  0.155229 ,            6.181918
0.9035374149659864 ,0.669740777666999  ,1487.633816203753  ,  8.974421768707696  ,    800.0 ,            0.0 ,    0.0 ,-800.0                      ,1446.364001607071   ,                       0.104342 ,             0.156869 ,              0.01363  ,                  0.118892 ,            6.24092
0.8980555555555556 ,0.6631557418958994 ,1459.1628944603692 ,  8.049722222222428  ,    150.0 ,            0.0 ,    1.0 ,-150.0                      ,1178.13383600377    ,                       0.101473 ,             0.157232 ,              0.013686 ,                  0.135123 ,            7.588126
0.9032             ,0.6606025039123631 ,1426.3997688852    , 41.364533333332844  ,    250.0 ,            0.0 ,    0.0 ,-250.0                      ,1460.5647517039922  ,                       0.109131 ,             0.163516 ,              0.014576 ,                  0.135051 ,            6.751777
0.8972             ,0.6593961376335653 ,1462.0686751201526 ,  8.53333333333359   ,    250.0 ,            0.0 ,    0.0 ,-250.0                      ,1464.84375          ,                       0.106674 ,             0.159967 ,              0.014189 ,                  0.153249 ,            6.3979
0.9017333333333334 ,0.6642578125       ,1466.4812252274658 ,  9.660000000000197  ,    250.0 ,            0.0 ,    0.0 ,-250.0                      ,1455.1804423748545  ,                       0.106955 ,             0.165274 ,              0.015832 ,                  0.075959 ,            6.485367
0.9010666666666667 ,0.6656375575811035 ,1457.244731040226  ,  8.83693333333352   ,    800.0 ,            0.0 ,    0.0 ,-800.0                      ,1485.148514851485   ,                       0.106886 ,             0.161324 ,              0.014286 ,                  0.134189 ,            6.124527
0.9051388888888889 ,0.6608276992419586 ,1500.134387038839  ,  8.838472222222435  ,    350.0 ,            0.0 ,    0.0 ,-350.0                      ,1496.030938326888   ,                       0.102851 ,             0.164032 ,              0.014311 ,                  0.264344 ,            5.935119
