write_ratio         ,hot_key_ratio         ,trans_arrival_rate ,execution_delay (us) ,blocksize ,early_execution ,reorder ,blocksize * early_execution ,throughput          ,feature_extraction_overhead (s) ,training_overhead (s) ,inference_overhead (s) ,communication_overhead (s) ,episode_duration (s)
0.4912              ,0.007403252944475603  ,3058.399527293769  ,  10082.085200000087 ,     20.0 ,            0.0 ,    1.0 ,-20.0                       , 942.0435932972156  ,                       0.098879 ,             0        ,              0.01519  ,                  0.202661 ,            8.395598
0.502474254380099   ,0.007096557890031292  ,3118.848699756691  ,  10121.918015246794 ,     20.0 ,            0.0 ,    1.0 ,-20.0                       , 944.1087613293051  ,                       0.104045 ,             0.166454 ,              0.013947 ,                  0.163302 ,           10.178594
0.49333333333333335 ,0.007928587269904636  ,3089.2382062153006 ,  10122.758666666703 ,    350.0 ,            0.0 ,    1.0 ,-350.0                      , 866.7452830188679  ,                       0.10674  ,             0.170161 ,              0.014363 ,                  0.165515 ,           10.712524
0.5051700680272109  ,0.007254590795737928  ,3173.2942464073776 ,  10109.968163265383 ,     10.0 ,            0.0 ,    1.0 ,-10.0                       , 899.496282082034   ,                       0.110137 ,             0.163942 ,              0.014002 ,                  0.172508 ,           10.647812
0.48973333333333335 ,0.007399103139013453  ,3078.01916744096   ,  10124.807733333351 ,    100.0 ,            0.0 ,    1.0 ,-100.0                      ,1146.597655655351   ,                       0.106565 ,             0.163659 ,              0.013626 ,                  0.266907 ,            8.826183
0.4945333333333333  ,0.006856890068568901  ,3157.7697556391454 ,  10120.695733333365 ,    100.0 ,            0.0 ,    1.0 ,-100.0                      ,1137.409200968523   ,                       0.109081 ,             0.167775 ,              0.014424 ,                  0.183871 ,            8.307292
0.5068              ,0.007938257993384785  ,3071.634195397709  ,  10117.265866666667 ,     10.0 ,            0.0 ,    1.0 ,-10.0                       , 899.8322549724419  ,                       0.105488 ,             0.166452 ,              0.014289 ,                  0.157357 ,           10.08275
0.49547270306258323 ,0.008257592551540679  ,3054.010024960737  ,  10131.078561917428 ,    100.0 ,            0.0 ,    1.0 ,-100.0                      ,1160.4518025684667  ,                       0.106887 ,             0.164443 ,              0.013629 ,                  0.256896 ,            8.866784
0.506               ,0.007277777777777778  ,3153.7039622295592 ,  10119.944666666659 ,    150.0 ,            0.0 ,    1.0 ,-150.0                      ,1086.1694424330194  ,                       0.11757  ,             0.16528  ,              0.014203 ,                  0.223197 ,            8.564588
0.49333333333333335 ,0.0067552478785171954 ,3091.9776783947436 ,  10118.5366666667   ,    150.0 ,            0.0 ,    1.0 ,-150.0                      ,1083.658430862592   ,                       0.12276  ,             0.16624  ,              0.013925 ,                  0.108291 ,            8.671248
0.4922666666666667  ,0.00738255033557047   ,3140.6338134036387 ,  10116.68000000004  ,    100.0 ,            0.0 ,    1.0 ,-100.0                      ,1151.1895625479663  ,                       0.145467 ,             0.164171 ,              0.014079 ,                  0.129826 ,            8.3179
0.5037333333333334  ,0.007143654425717156  ,3056.917355627907  ,  10117.432133333376 ,    100.0 ,            0.0 ,    1.0 ,-100.0                      ,1133.7868480725624  ,                       0.101472 ,             0.164902 ,              0.013612 ,                  0.056614 ,            8.452361
0.49173333333333336 ,0.007485197184672104  ,3149.1844242178163 ,  10119.206133333419 ,    100.0 ,            0.0 ,    1.0 ,-100.0                      ,1121.746933891714   ,                       0.101254 ,             0.165264 ,              0.01371  ,                  0.185475 ,            8.423852
0.5018666666666667  ,0.006802344873354718  ,3158.243140927547  ,  10121.77360000003  ,    100.0 ,            0.0 ,    1.0 ,-100.0                      ,1130.3692539562924  ,                       0.101148 ,             0.165942 ,              0.01366  ,                  0.167654 ,            8.430775
0.49173333333333336 ,0.007666480134303302  ,3170.7218084782567 ,  10118.382800000056 ,     10.0 ,            0.0 ,    1.0 ,-10.0                       , 898.6478401340195  ,                       0.103618 ,             0.182812 ,              0.015213 ,                  0.181222 ,            9.991762
0.5029333333333333  ,0.00795593635250918   ,3219.49209292742   ,  10127.211850865471 ,    100.0 ,            0.0 ,    1.0 ,-100.0                      ,1147.921760391198   ,                       0.120539 ,             0.171822 ,              0.014523 ,                  0.231813 ,            8.845984
0.49506666666666665 ,0.007617035472033804  ,3108.6948952742864 ,  10123.144266666704 ,    100.0 ,            0.0 ,    1.0 ,-100.0                      ,1142.5959780621572  ,                       0.10555  ,             0.165123 ,              0.013821 ,                  0.235868 ,            8.203569
0.5014666666666666  ,0.007411504424778761  ,3107.2086411886607 ,  10122.672933333306 ,    100.0 ,            0.0 ,    1.0 ,-100.0                      ,1124.1007194244603  ,                       0.101732 ,             0.161523 ,              0.013566 ,                  0.155683 ,            8.45138
0.49546666666666667 ,0.007694023193577163  ,3245.0211640280318 ,  10118.26653333336  ,    100.0 ,            0.0 ,    1.0 ,-100.0                      ,1141.3787855729722  ,                       0.100754 ,             0.163075 ,              0.013594 ,                  0.209076 ,            8.272543
0.5045333333333333  ,0.0078099036224659356 ,3256.4464614150174 ,  10121.256266666735 ,     10.0 ,            0.0 ,    1.0 ,-10.0                       , 897.8810008380223  ,                       0.106783 ,             0.164722 ,              0.014135 ,                  0.158203 ,           10.073166
0.4978666666666667  ,0.007032894008195813  ,3034.587008892554  ,  10125.936666666705 ,    100.0 ,            0.0 ,    1.0 ,-100.0                      ,1148.5330073349633  ,                       0.109278 ,             0.16355  ,              0.013845 ,                  0.224293 ,            8.915376
0.5016              ,0.007383966244725738  ,3016.858203641951  ,  10121.19226666671  ,    100.0 ,            0.0 ,    1.0 ,-100.0                      ,1137.742718446602   ,                       0.105875 ,             0.162629 ,              0.013515 ,                  0.14593  ,            8.328384
0.49106666666666665 ,0.007021845742309407  ,3126.8304986877733 ,  10120.5222666667   ,    100.0 ,            0.0 ,    1.0 ,-100.0                      ,1134.8161597821154  ,                       0.101413 ,             0.162479 ,              0.014218 ,                  0.155025 ,            8.453573
0.5008              ,0.007389709967774197  ,3078.874609752643  ,  10115.570533333363 ,    100.0 ,            0.0 ,    1.0 ,-100.0                      ,1141.0392364793213  ,                       0.101016 ,             0.164987 ,              0.013843 ,                  0.158973 ,            8.330806
0.49346666666666666 ,0.0074102964118564745 ,3176.221871379107  ,  10120.471333333384 ,    100.0 ,            0.0 ,    1.0 ,-100.0                      ,1131.563065781533   ,                       0.104279 ,             0.162151 ,              0.01338  ,                  0.14742  ,            8.4153
0.4984              ,0.007387508394895903  ,3069.850142195459  ,  10121.006399999998 ,    100.0 ,            0.0 ,    1.0 ,-100.0                      ,1114.9100639215103  ,                       0.101043 ,             0.176053 ,              0.015486 ,                  0.151268 ,            8.472832
0.4922666666666667  ,0.007563025210084034  ,3089.9624013375    ,  10123.16506666668  ,    100.0 ,            0.0 ,    1.0 ,-100.0                      ,1131.563065781533   ,                       0.110599 ,             0.178787 ,              0.014496 ,                  0.175292 ,            8.341751
0.5052              ,0.007273736812881733  ,3241.5106995785172 ,  10122.85466666672  ,    900.0 ,            0.0 ,    1.0 ,-900.0                      , 419.5804195804196  ,                       0.107918 ,             0.169806 ,              0.014477 ,                  0.16976  ,           16.667536
0.49603174603174605 ,0.007811465642790944  ,3083.9057323443953 ,  10110.268730158768 ,    300.0 ,            0.0 ,    1.0 ,-300.0                      , 898.3111749910169  ,                       0.095645 ,             0.171567 ,              0.0142   ,                  0.105753 ,            9.537783
0.5008              ,0.007613648994109147  ,3103.010002449309  ,  10113.10626666673  ,    100.0 ,            0.0 ,    1.0 ,-100.0                      ,1133.444158984434   ,                       0.108549 ,             0.167845 ,              0.01471  ,                  0.07531  ,            8.824254
0.4992              ,0.007345575959933222  ,3088.261271844816  ,  10120.825733333364 ,    100.0 ,            0.0 ,    1.0 ,-100.0                      ,1150.483202945237   ,                       0.111163 ,             0.166054 ,              0.013866 ,                  0.143847 ,            8.28992
0.49493333333333334 ,0.00728587319243604   ,3101.5150694346517 ,  10118.330800000056 ,    100.0 ,            0.0 ,    0.0 ,-100.0                      ,  98.24584806242913 ,                       0.10322  ,             0.165947 ,              0.013604 ,                  0.156458 ,           16.748321
0.49                ,0.009160756501182032  ,2995.562288438413  ,  10126.671428571444 ,    100.0 ,            0.0 ,    1.0 ,-100.0                      ,1119.8813056379822  ,                       0.02765  ,             0.165327 ,              0.015063 ,                  0.155607 ,            6.687313
0.5058666666666667  ,0.0076091751213056905 ,3174.292799307242  ,  10122.189600000036 ,    100.0 ,            0.0 ,    1.0 ,-100.0                      ,1136.04826546003    ,                       0.100309 ,             0.16318  ,              0.013712 ,                  0.147501 ,            8.421799
0.5098666666666667  ,0.007447754557581147  ,3199.946752886032  ,  10120.102266666723 ,    100.0 ,            0.0 ,    0.0 ,-100.0                      ,  98.33333333333333 ,                       0.100995 ,             0.162014 ,              0.013673 ,                  0.230441 ,           16.798383
0.48857142857142855 ,0.008152173913043478  ,3028.906586357372  ,  10124.904999999988 ,    150.0 ,            0.0 ,    1.0 ,-150.0                      ,1080.691642651297   ,                       0.02393  ,             0.161621 ,              0.013749 ,                  0.09627  ,            6.973966
0.5006666666666667  ,0.008527131782945736  ,3059.880640175988  ,  10119.35693333336  ,    100.0 ,            0.0 ,    1.0 ,-100.0                      ,1131.3923668728314  ,                       0.127903 ,             0.167652 ,              0.014585 ,                  0.139929 ,            8.398623
0.4962666666666667  ,0.008085059253516448  ,3208.512225714985  ,  10122.404399999981 ,    100.0 ,            0.0 ,    1.0 ,-100.0                      ,1106.0315587671435  ,                       0.106651 ,             0.166771 ,              0.015378 ,                  0.120773 ,            8.570308
0.5021333333333333  ,0.007742869875222816  ,3099.100558375278  ,  10119.244933333383 ,    100.0 ,            0.0 ,    1.0 ,-100.0                      ,1139.6444309375474  ,                       0.105082 ,             0.162767 ,              0.014172 ,                  0.179881 ,            8.322227
0.494               ,0.008449916060436486  ,3247.0203176884675 ,  10119.914000000022 ,    100.0 ,            0.0 ,    1.0 ,-100.0                      ,1132.1632163216323  ,                       0.103354 ,             0.164803 ,              0.015587 ,                  0.124707 ,            8.404154
0.5056              ,0.00727352876350011   ,3101.2611381793777 ,  10122.12893333338  ,    100.0 ,            0.0 ,    1.0 ,-100.0                      ,1133.444158984434   ,                       0.10152  ,             0.160709 ,              0.01351  ,                  0.190428 ,            8.266136
0.5014666666666666  ,0.006957586552376711  ,3135.1028689953373 ,  10119.863066666705 ,    100.0 ,            0.0 ,    1.0 ,-100.0                      ,1165.139039925431   ,                       0.107754 ,             0.164554 ,              0.014194 ,                  0.142497 ,            8.196105
0.5025333333333334  ,0.006831815152188402  ,3082.2251364090102 ,  10118.390400000071 ,    100.0 ,            0.0 ,    0.0 ,-100.0                      ,  98.23978744603122 ,                       0.109928 ,             0.162769 ,              0.013703 ,                  0.076778 ,           16.883446
0.4828571428571429  ,0.00835820895522388   ,3008.4171213316117 ,  10124.513571428573 ,    100.0 ,            0.0 ,    1.0 ,-100.0                      ,1119.9044348215618  ,                       0.031128 ,             0.16298  ,              0.014037 ,                  0.085825 ,            6.697231
0.5028              ,0.0071507760532150775 ,3140.6088258645464 ,  10116.660400000035 ,    100.0 ,            0.0 ,    1.0 ,-100.0                      ,1119.0689346463741  ,                       0.098416 ,             0.162255 ,              0.014047 ,                  0.146382 ,            8.497175
0.5108              ,0.00885641536588066   ,3155.2071645920128 ,  10120.640800000016 ,    100.0 ,            0.0 ,    1.0 ,-100.0                      ,1135.0045303533675  ,                       0.105994 ,             0.167151 ,              0.01521  ,                  0.086498 ,            8.48218
0.5010666666666667  ,0.007600133141018529  ,3126.7457663862324 ,  10123.565199999997 ,    100.0 ,            0.0 ,    1.0 ,-100.0                      ,1142.4219345011425  ,                       0.112887 ,             0.164664 ,              0.013749 ,                  0.084877 ,            8.32064
0.5081333333333333  ,0.007296424195165423  ,3103.301457600006  ,  10120.32760000005  ,    100.0 ,            0.0 ,    1.0 ,-100.0                      ,1128.4983448690941  ,                       0.103952 ,             0.165802 ,              0.014441 ,                  0.183192 ,            8.375034
0.5053333333333333  ,0.006674824785849371  ,3106.2872081436085 ,  10120.822399999994 ,    100.0 ,            0.0 ,    1.0 ,-100.0                      ,1146.4383980434118  ,                       0.101869 ,             0.160319 ,              0.013687 ,                  0.139888 ,            8.302239
0.49866666666666665 ,0.007153235721470884  ,3181.7086539081565 ,  10118.903066666706 ,    100.0 ,            0.0 ,    1.0 ,-100.0                      ,1134.64447806354    ,                       0.102242 ,             0.162469 ,              0.013981 ,                  0.173325 ,            8.391618
0.49493333333333334 ,0.007377598926894702  ,3047.9144340693438 ,  10119.088400000039 ,    100.0 ,            0.0 ,    1.0 ,-100.0                      ,1124.2692250037476  ,                       0.101402 ,             0.16335  ,              0.013949 ,                  0.213833 ,            8.354867
0.5028              ,0.007828867570845739  ,3011.022752090854  ,  10117.862266666723 ,    100.0 ,            0.0 ,    1.0 ,-100.0                      ,1129.0371038005107  ,                       0.10668  ,             0.164086 ,              0.014458 ,                  0.166982 ,            8.40021
0.5077333333333334  ,0.0072094055013309675 ,3127.826773446502  ,  10117.461333333411 ,    100.0 ,            0.0 ,    1.0 ,-100.0                      ,1143.9902379499695  ,                       0.106357 ,             0.161143 ,              0.013807 ,                  0.171773 ,            8.246646
0.4896              ,0.007013247244795726  ,3100.5585552885404 ,  10118.253866666713 ,    100.0 ,            0.0 ,    1.0 ,-100.0                      ,1109.6316023080337  ,                       0.102222 ,             0.160524 ,              0.013371 ,                  0.137966 ,            8.499293
0.49706666666666666 ,0.008245711123408965  ,3096.926362523722  ,  10119.243333333394 ,    100.0 ,            0.0 ,    1.0 ,-100.0                      ,1134.1297444427644  ,                       0.10113  ,             0.160741 ,              0.013627 ,                  0.08832  ,            8.46567
0.4941333333333333  ,0.007702612190221032  ,3137.8993813735965 ,  10125.130266666722 ,    100.0 ,            0.0 ,    1.0 ,-100.0                      ,1145.371775417299   ,                       0.102346 ,             0.160268 ,              0.013402 ,                  0.153883 ,            8.373644
0.4962666666666667  ,0.007307351638618246  ,3093.7645793655806 ,  10123.12586666672  ,    100.0 ,            0.0 ,    1.0 ,-100.0                      ,1133.7868480725624  ,                       0.100775 ,             0.161983 ,              0.013427 ,                  0.141553 ,            8.356183
0.5016              ,0.007224630432366344  ,3060.5686536558496 ,  10118.942933333325 ,    100.0 ,            0.0 ,    1.0 ,-100.0                      ,1125.4501800720288  ,                       0.129042 ,             0.161582 ,              0.013675 ,                  0.187273 ,            8.383336
0.49373333333333336 ,0.007530120481927711  ,3077.2462666848296 ,  10118.331333333363 ,    100.0 ,            0.0 ,    1.0 ,-100.0                      ,1152.4277811923787  ,                       0.101494 ,             0.159741 ,              0.013632 ,                  0.165195 ,            8.269711
0.5078666666666667  ,0.00688506385341477   ,3053.800638122181  ,  10120.047733333373 ,    100.0 ,            0.0 ,    1.0 ,-100.0                      ,1143.8157694067409  ,                       0.101135 ,             0.160985 ,              0.014035 ,                  0.143715 ,            8.31289
0.4928              ,0.007205898782258966  ,3050.264701970837  ,  10119.234666666678 ,    100.0 ,            0.0 ,    1.0 ,-100.0                      ,1133.444158984434   ,                       0.103413 ,             0.169068 ,              0.014327 ,                  0.139835 ,            8.453601
0.49746666666666667 ,0.007563959955506118  ,3085.542341663338  ,  10117.612800000024 ,    100.0 ,            0.0 ,    1.0 ,-100.0                      ,1126.126126126126   ,                       0.105582 ,             0.165132 ,              0.013881 ,                  0.098423 ,            8.469869
0.4936              ,0.007406994876364446  ,3226.9237305819865 ,  10118.291066666705 ,    100.0 ,            0.0 ,    1.0 ,-100.0                      ,1139.6648044692736  ,                       0.106697 ,             0.163807 ,              0.013947 ,                  0.133624 ,            8.347851
0.5001333333333333  ,0.008017817371937639  ,3199.1305189800146 ,  10119.854266666674 ,    100.0 ,            0.0 ,    1.0 ,-100.0                      ,1112.264570665876   ,                       0.101635 ,             0.159858 ,              0.014122 ,                  0.204045 ,            8.522019
0.49333333333333335 ,0.007731958762886598  ,3075.537665494682  ,  10121.955199999993 ,    100.0 ,            0.0 ,    1.0 ,-100.0                      ,1122.880095209759   ,                       0.102456 ,             0.161315 ,              0.013956 ,                  0.12934  ,            8.469133
0.49066666666666664 ,0.007021063189568706  ,3075.3283220516623 ,  10123.43506666669  ,    100.0 ,            0.0 ,    1.0 ,-100.0                      ,1118.2346801848814  ,                       0.10186  ,             0.161278 ,              0.013681 ,                  0.149591 ,            8.476237
0.4912              ,0.008154602323503127  ,3176.9887737924687 ,  10121.500266666664 ,    100.0 ,            0.0 ,    1.0 ,-100.0                      ,1149.9540018399264  ,                       0.103777 ,             0.163567 ,              0.013322 ,                  0.124867 ,            8.37489
0.5028              ,0.007545494895694629  ,3118.89865450712   ,  10120.65066666669  ,    100.0 ,            0.0 ,    1.0 ,-100.0                      ,1142.2479439537008  ,                       0.101493 ,             0.163011 ,              0.0143   ,                  0.189884 ,            8.29391
0.5128              ,0.006634232640424591  ,3139.010449975055  ,  10120.887333333385 ,    100.0 ,            0.0 ,    1.0 ,-100.0                      ,1131.2217194570135  ,                       0.107913 ,             0.164953 ,              0.013963 ,                  0.169157 ,            8.45964
0.5064              ,0.007849640685461581  ,3069.1177595931413 ,  10120.853466666726 ,    100.0 ,            0.0 ,    1.0 ,-100.0                      ,1133.101676990482   ,                       0.100634 ,             0.161857 ,              0.014366 ,                  0.188517 ,            8.376193
0.5030666666666667  ,0.007986688851913478  ,3182.096084876261  ,  10120.018666666694 ,    150.0 ,            0.0 ,    1.0 ,-150.0                      ,1094.890510948905   ,                       0.107485 ,             0.161848 ,              0.014012 ,                  0.092138 ,            8.609741
0.4988              ,0.006585556423708003  ,3149.298147414867  ,  10120.673333333341 ,    100.0 ,            0.0 ,    1.0 ,-100.0                      ,1121.9147344801795  ,                       0.100577 ,             0.158424 ,              0.01351  ,                  0.126699 ,            8.476694
0.49733333333333335 ,0.008180300500834724  ,3098.9827485828355 ,  10120.066533333369 ,    100.0 ,            0.0 ,    1.0 ,-100.0                      ,1140.6844106463877  ,                       0.100564 ,             0.158621 ,              0.013702 ,                  0.176305 ,            8.325681
0.5026666666666667  ,0.006984801072865445  ,3116.985451158708  ,  10122.324000000015 ,    100.0 ,            0.0 ,    1.0 ,-100.0                      ,1134.9878934624699  ,                       0.102522 ,             0.160386 ,              0.014219 ,                  0.151424 ,            8.367221
0.49906666666666666 ,0.00808159625459815   ,3071.5486543545344 ,  10122.370800000015 ,    100.0 ,            0.0 ,    0.0 ,-100.0                      ,  98.33878177330043 ,                       0.101356 ,             0.159404 ,              0.013914 ,                  0.146658 ,           16.791945
0.49142857142857144 ,0.01045400238948626   ,3020.906833075477  ,  10126.653571428558 ,    100.0 ,            0.0 ,    1.0 ,-100.0                      ,1102.4547993532265  ,                       0.024112 ,             0.158018 ,              0.013842 ,                  0.189004 ,            6.74843
0.49773333333333336 ,0.008077094474153298  ,2932.9527012494377 ,  10121.372266666685 ,    100.0 ,            0.0 ,    1.0 ,-100.0                      ,1115.7957244655584  ,                       0.097902 ,             0.162402 ,              0.014056 ,                  0.130632 ,            8.54356
0.5001333333333333  ,0.007822034838566515  ,3077.7880142727286 ,  10120.912400000028 ,    100.0 ,            0.0 ,    1.0 ,-100.0                      ,1151.7199017199018  ,                       0.10072  ,             0.15995  ,              0.01409  ,                  0.127981 ,            8.292433
0.4981333333333333  ,0.006975446428571429  ,3062.138131826271  ,  10118.38173333335  ,    100.0 ,            0.0 ,    1.0 ,-100.0                      ,1143.1184270690444  ,                       0.100272 ,             0.160307 ,              0.014442 ,                  0.123936 ,            8.41976
0.49546666666666667 ,0.006827084499160604  ,3066.8549851932244 ,  10119.327466666693 ,    100.0 ,            0.0 ,    1.0 ,-100.0                      ,1131.3923668728314  ,                       0.10603  ,             0.159346 ,              0.014129 ,                  0.119671 ,            8.402069
0.4942666666666667  ,0.007480882189958993  ,3128.466079710813  ,  10120.407600000013 ,    100.0 ,            0.0 ,    1.0 ,-100.0                      ,1151.0128913443832  ,                       0.106367 ,             0.159036 ,              0.013986 ,                  0.110922 ,            8.328721
0.49173333333333336 ,0.00693978061338706   ,3073.0752714959567 ,  10120.893199999986 ,    100.0 ,            0.0 ,    1.0 ,-100.0                      ,1149.7777096428024  ,                       0.10487  ,             0.166459 ,              0.0156   ,                  0.151338 ,            8.310139
0.5009333333333333  ,0.006743201069995541  ,3096.127322663115  ,  10123.124533333397 ,    100.0 ,            0.0 ,    1.0 ,-100.0                      ,1123.7638597542702  ,                       0.101265 ,             0.160124 ,              0.014399 ,                  0.170036 ,            8.445986
0.49293333333333333 ,0.007414785303231518  ,3136.9504742441727 ,  10123.644266666668 ,    100.0 ,            0.0 ,    1.0 ,-100.0                      ,1136.5625471555757  ,                       0.101052 ,             0.160267 ,              0.013852 ,                  0.241752 ,            8.349875
0.5090666666666667  ,0.007976071784646061  ,3149.608944553444  ,  10122.709733333322 ,    100.0 ,            0.0 ,    1.0 ,-100.0                      ,1134.1665411835565  ,                       0.109329 ,             0.170031 ,              0.013999 ,                  0.1333   ,            8.403696
0.5012              ,0.007480053191489362  ,3170.9818797411467 ,  10123.672399999989 ,    100.0 ,            0.0 ,    1.0 ,-100.0                      ,1141.2051125989044  ,                       0.104926 ,             0.156785 ,              0.013752 ,                  0.15682  ,            8.344893
0.4998666666666667  ,0.007888012443061882  ,3138.046428024512  ,  10122.894933333382 ,    100.0 ,            0.0 ,    1.0 ,-100.0                      ,1139.4856278366112  ,                       0.108495 ,             0.161396 ,              0.013581 ,                  0.065841 ,            8.422724
0.5008              ,0.00784790538299989   ,3070.1919565883045 ,  10120.123066666692 ,    100.0 ,            0.0 ,    1.0 ,-100.0                      ,1131.2217194570135  ,                       0.102785 ,             0.157498 ,              0.014071 ,                  0.126506 ,            8.42829
0.5024              ,0.008331481892912686  ,3097.555656880043  ,  10118.605866666725 ,    100.0 ,            0.0 ,    1.0 ,-100.0                      ,1132.7594019030357  ,                       0.101318 ,             0.157072 ,              0.013588 ,                  0.11475  ,            8.430599
0.5014666666666666  ,0.007342307264434309  ,3138.121269558341  ,  10115.228933333401 ,    100.0 ,            0.0 ,    1.0 ,-100.0                      ,1128.5285285285286  ,                       0.101243 ,             0.157109 ,              0.013634 ,                  0.11496  ,            8.486971
0.4982666666666667  ,0.007321943643221655  ,3163.3209977873626 ,  10117.733200000053 ,    100.0 ,            0.0 ,    1.0 ,-100.0                      ,1140.5109489051094  ,                       0.102351 ,             0.158367 ,              0.013784 ,                  0.167676 ,            8.384401
0.5021333333333333  ,0.006428729771669253  ,3086.790676081241  ,  10119.075466666683 ,    100.0 ,            0.0 ,    1.0 ,-100.0                      ,1119.2359349350843  ,                       0.124296 ,             0.157289 ,              0.014161 ,                  0.142777 ,            8.487688
0.5101333333333333  ,0.007554869306275505  ,3042.4395984466523 ,  10123.931599999993 ,    100.0 ,            0.0 ,    1.0 ,-100.0                      ,1133.6154776299877  ,                       0.100975 ,             0.158047 ,              0.014133 ,                  0.183647 ,            8.39515
0.48973333333333335 ,0.00782985339848956   ,3207.8823229003024 ,  10121.717600000029 ,    100.0 ,            0.0 ,    1.0 ,-100.0                      ,1156.1584707877294  ,                       0.104137 ,             0.157206 ,              0.013823 ,                  0.15629  ,            8.222538
0.49906666666666666 ,0.006708060760616476  ,3095.068112132254  ,  10123.63320000004  ,    100.0 ,            0.0 ,    1.0 ,-100.0                      ,1144.5139630703493  ,                       0.105055 ,             0.162483 ,              0.014501 ,                  0.137556 ,            8.333033
0.4972              ,0.007398753894080997  ,3242.602434891786  ,  10120.324933333377 ,    100.0 ,            0.0 ,    1.0 ,-100.0                      ,1123.7638597542702  ,                       0.109116 ,             0.155403 ,              0.013523 ,                  0.144613 ,            8.438789
0.49853333333333333 ,0.007994670219853431  ,3103.4311534832914 ,  10120.382666666737 ,    100.0 ,            0.0 ,    1.0 ,-100.0                      ,1138.2607375929579  ,                       0.106456 ,             0.159909 ,              0.014634 ,                  0.164577 ,            8.365961
0.502               ,0.007932985687340507  ,3238.055353476916  ,  10122.01360000003  ,    100.0 ,            0.0 ,    1.0 ,-100.0                      ,1145.551330798479   ,                       0.10176  ,             0.155356 ,              0.014494 ,                  0.179273 ,            8.350436
0.512               ,0.007606040417499444  ,3025.301198987371  ,  10120.221600000048 ,    100.0 ,            0.0 ,    1.0 ,-100.0                      ,1132.930513595166   ,                       0.100975 ,             0.155534 ,              0.014014 ,                  0.165515 ,            8.337532
0.49746666666666667 ,0.0076340131505627995 ,3099.863977968647  ,  10120.266933333347 ,    100.0 ,            0.0 ,    1.0 ,-100.0                      ,1117.2352152539847  ,                       0.101272 ,             0.156112 ,              0.014435 ,                  0.124504 ,            8.527569
0.4956              ,0.008870787770586922  ,3149.4621348566093 ,  10117.883600000068 ,    100.0 ,            0.0 ,    1.0 ,-100.0                      ,1144.8633796366967  ,                       0.103822 ,             0.157094 ,              0.014134 ,                  0.177374 ,            8.301025
0.4964              ,0.007301692665117823  ,3170.3559041538006 ,  10120.986400000016 ,    100.0 ,            0.0 ,    1.0 ,-100.0                      ,1138.9521640091116  ,                       0.100536 ,             0.153786 ,              0.013974 ,                  0.136536 ,            8.364075
0.4902666666666667  ,0.008261694763871832  ,3137.5817026275367 ,  10122.61546666666  ,    100.0 ,            0.0 ,    1.0 ,-100.0                      ,1138.4335154826958  ,                       0.105764 ,             0.154497 ,              0.013454 ,                  0.15378  ,            8.347737
0.5038666666666667  ,0.007383146441656489  ,3225.454079425301  ,  10122.857466666688 ,    100.0 ,            0.0 ,    1.0 ,-100.0                      ,1137.3976342129208  ,                       0.100388 ,             0.154592 ,              0.013878 ,                  0.176246 ,            8.320096
0.5085333333333333  ,0.006694699568440854  ,2994.028709142486  ,  10126.51400000006  ,    100.0 ,            0.0 ,    1.0 ,-100.0                      ,1135.6753482737734  ,                       0.101037 ,             0.154884 ,              0.014034 ,                  0.166509 ,            8.356189
0.504               ,0.0071174377224199285 ,3020.7051211826342 ,  10120.354266666704 ,    100.0 ,            0.0 ,    1.0 ,-100.0                      ,1149.0730810479545  ,                       0.102576 ,             0.154167 ,              0.014112 ,                  0.17672  ,            8.26755
0.5029333333333333  ,0.007021845742309407  ,3082.435419895518  ,  10120.61013333337  ,    100.0 ,            0.0 ,    1.0 ,-100.0                      ,1134.1297444427644  ,                       0.105196 ,             0.157482 ,              0.014225 ,                  0.054249 ,            8.464943
0.51                ,0.00750800485812079   ,3150.082532162343  ,  10125.608266666723 ,    100.0 ,            0.0 ,    1.0 ,-100.0                      ,1142.4219345011425  ,                       0.101995 ,             0.154189 ,              0.013677 ,                  0.204644 ,            8.263683
0.4916              ,0.007563959955506118  ,3095.9036653848248 ,  10120.928133333371 ,    100.0 ,            0.0 ,    1.0 ,-100.0                      ,1159.375483073118   ,                       0.102628 ,             0.154285 ,              0.01391  ,                  0.179373 ,            8.243876
0.5062666666666666  ,0.006580402565804026  ,3097.2460939597095 ,  10121.110266666712 ,    100.0 ,            0.0 ,    1.0 ,-100.0                      ,1138.2607375929579  ,                       0.100857 ,             0.163253 ,              0.015033 ,                  0.147043 ,            8.368958
0.5029333333333333  ,0.0073823268206039076 ,3098.8419008048318 ,  10122.080266666662 ,    100.0 ,            0.0 ,    1.0 ,-100.0                      ,1141.7262901507079  ,                       0.101575 ,             0.160175 ,              0.01477  ,                  0.109849 ,            8.416231
0.4997333333333333  ,0.00722302478053117   ,3075.338410238663  ,  10122.052000000042 ,    100.0 ,            0.0 ,    1.0 ,-100.0                      ,1143.1184270690444  ,                       0.102058 ,             0.156659 ,              0.014525 ,                  0.153061 ,            8.282419
0.4952              ,0.007069694945446448  ,3152.888613489907  ,  10119.571066666633 ,    100.0 ,            0.0 ,    1.0 ,-100.0                      ,1132.930513595166   ,                       0.103743 ,             0.163816 ,              0.01561  ,                  0.165786 ,            8.349402
0.49946666666666667 ,0.008351893095768375  ,3090.0680680194023 ,  10120.571333333377 ,    450.0 ,            1.0 ,    1.0 ,450.0                       , 229.09042517798923 ,                       0.104836 ,             0.158016 ,              0.014281 ,                  0.125306 ,           16.832382
0.4849382716049383  ,0.006765067650676507  ,3144.607696602038  ,  10089.251604938303 ,     50.0 ,            1.0 ,    1.0 ,50.0                        ,2913.6833731105808  ,                       0.057078 ,             0.159656 ,              0.014106 ,                  0.159939 ,            2.458389
0.5136423841059603  ,0.0074371970030850595 ,3069.7970193287433 ,  10090.136423841095 ,    500.0 ,            1.0 ,    1.0 ,500.0                       , 278.0588470243643  ,                       0.101094 ,             0.154641 ,              0.013974 ,                  0.212768 ,           15.387345
0.5054              ,0.00835421888053467   ,2980.805401696317  ,  10090.167600000028 ,    250.0 ,            1.0 ,    0.0 ,250.0                       ,2823.529411764706   ,                       0.069019 ,             0.153034 ,              0.014016 ,                  0.173572 ,            2.516963
0.49946666666666667 ,0.006932889628397116  ,2988.62767397499   ,  10088.878533333345 ,    200.0 ,            1.0 ,    0.0 ,200.0                       ,2819.2819685357     ,                       0.099843 ,             0.156471 ,              0.013706 ,                  0.101533 ,            2.944944
0.5075675675675676  ,0.008024691358024692  ,3062.29409693154   ,  10087.41959459462  ,    100.0 ,            1.0 ,    1.0 ,100.0                       ,2789.855072463768   ,                       0.101237 ,             0.153966 ,              0.014096 ,                  0.16019  ,            2.958359
0.49723684210526314 ,0.0066784413290650185 ,3029.225650207343  ,  10087.473684210523 ,    150.0 ,            1.0 ,    1.0 ,150.0                       ,2834.1786968396414  ,                       0.10135  ,             0.154982 ,              0.013784 ,                  0.233427 ,            2.875143
0.5056209150326797  ,0.007465916468296905  ,3055.914853024477  ,  10086.342614379084 ,    100.0 ,            1.0 ,    1.0 ,100.0                       ,2867.8571428571427  ,                       0.108139 ,             0.156794 ,              0.014076 ,                  0.102052 ,            2.872033
0.4972              ,0.007452725250278087  ,3077.934533563645  ,  10096.035866666674 ,    100.0 ,            1.0 ,    1.0 ,100.0                       ,2818.962153726102   ,                       0.103731 ,             0.157231 ,              0.01422  ,                  0.142835 ,            2.999966
0.49666666666666665 ,0.007096130391395942  ,2978.9708489828604 ,  10091.500400000023 ,     50.0 ,            1.0 ,    1.0 ,50.0                        ,2904.012588512982   ,                       0.103977 ,             0.155795 ,              0.014229 ,                  0.15399  ,            2.926182
0.49706666666666666 ,0.007283442677638163  ,2990.5272060222037 ,  10088.676533333317 ,    150.0 ,            1.0 ,    1.0 ,150.0                       ,2785.377358490566   ,                       0.104949 ,             0.160071 ,              0.014403 ,                  0.109011 ,            2.961059
0.5037333333333334  ,0.008329631274988893  ,3018.2811251186185 ,  10088.463600000016 ,     50.0 ,            1.0 ,    1.0 ,50.0                        ,2910.418310970797   ,                       0.100907 ,             0.157053 ,              0.014055 ,                  0.167336 ,            2.875329
0.4988157894736842  ,0.007289268880850597  ,3025.1609803591423 ,  10087.558684210553 ,     50.0 ,            1.0 ,    1.0 ,50.0                        ,2889.9803536345776  ,                       0.103395 ,             0.156227 ,              0.014228 ,                  0.176013 ,            2.865016
0.49973684210526315 ,0.007401763361271361  ,3033.67660448561   ,  10087.492763157888 ,     50.0 ,            1.0 ,    1.0 ,50.0                        ,2883.399209486166   ,                       0.103544 ,             0.158007 ,              0.01477  ,                  0.188326 ,            2.86429
0.504               ,0.007151568910078723  ,2977.288055795172  ,  10088.748400000013 ,     20.0 ,            1.0 ,    1.0 ,20.0                        ,3058.945620589456   ,                       0.104987 ,             0.157747 ,              0.014255 ,                  0.124851 ,            2.827791
0.49206349206349204 ,0.007636523458960554  ,3110.297058053942  ,  10090.023412698401 ,     50.0 ,            1.0 ,    1.0 ,50.0                        ,2955.582232893157   ,                       0.10935  ,             0.156116 ,              0.014353 ,                  0.154435 ,            2.810308
0.5075              ,0.007182017543859649  ,3077.760427128352  ,  10089.163289473718 ,     10.0 ,            0.0 ,    1.0 ,-10.0                       , 885.5556867839849  ,                       0.102241 ,             0.1561   ,              0.014431 ,                  0.232914 ,            8.685118
0.5061349693251533  ,0.007611111111111111  ,3085.3173786735356 ,  10130.004801280336 ,     20.0 ,            0.0 ,    1.0 ,-20.0                       , 938.7092747472226  ,                       0.108301 ,             0.157731 ,              0.014248 ,                  0.29956  ,           10.19768
0.49042553191489363 ,0.00805913739439751   ,3138.5996419826097 ,  10124.83656914893  ,     50.0 ,            1.0 ,    0.0 ,50.0                        ,3123.22885358523    ,                       0.105261 ,             0.155186 ,              0.013931 ,                  0.316326 ,            4.499008
0.5016              ,0.007789028596862134  ,3050.1890303815094 ,  10091.866000000002 ,     50.0 ,            1.0 ,    0.0 ,50.0                        ,2895.881895881896   ,                       0.104527 ,             0.158995 ,              0.014078 ,                  0.126633 ,            2.943344
0.4965333333333333  ,0.006808795624511664  ,2962.6235414016764 ,  10091.680666666683 ,     50.0 ,            1.0 ,    0.0 ,50.0                        ,2859.669811320755   ,                       0.101724 ,             0.156724 ,              0.013954 ,                  0.188182 ,            2.908561
0.5006666666666667  ,0.007449410718256616  ,2977.952431379042  ,  10087.842533333354 ,     50.0 ,            1.0 ,    0.0 ,50.0                        ,2925.675675675676   ,                       0.103361 ,             0.157523 ,              0.014108 ,                  0.200676 ,            2.87975
0.5001324503311259  ,0.008596935963848782  ,3057.2099132967173 ,  10088.454569536429 ,     50.0 ,            1.0 ,    0.0 ,50.0                        ,2882.4930527987294  ,                       0.104466 ,             0.160374 ,              0.014537 ,                  0.147647 ,            2.855986
0.48773333333333335 ,0.007096917276557995  ,2980.480238819921  ,  10088.139066666708 ,     20.0 ,            1.0 ,    0.0 ,20.0                        ,2944.199116820554   ,                       0.10146  ,             0.1597   ,              0.014055 ,                  0.180587 ,            2.885712
0.49733333333333335 ,0.0070234113712374585 ,3012.301032496302  ,  10089.061866666672 ,     50.0 ,            1.0 ,    0.0 ,50.0                        ,2861.483820047356   ,                       0.106181 ,             0.158315 ,              0.014278 ,                  0.180365 ,            2.89706
0.49493333333333334 ,0.008319467554076539  ,3022.2144853531395 ,  10087.181866666697 ,     20.0 ,            1.0 ,    1.0 ,20.0                        ,2908.333333333333   ,                       0.103656 ,             0.154539 ,              0.01355  ,                  0.112281 ,            2.969929
0.5033333333333333  ,0.007437833037300177  ,3008.8942915257503 ,  10087.774666666679 ,     20.0 ,            1.0 ,    1.0 ,20.0                        ,2983.6934366082346  ,                       0.104033 ,             0.152706 ,              0.013564 ,                  0.147369 ,            2.885264
0.5039267015706806  ,0.007796426637791012  ,3087.348941148421  ,  10094.639397905734 ,      1.0 ,            1.0 ,    0.0 ,1.0                         ,1807.2587297222985  ,                       0.107909 ,             0.155366 ,              0.013835 ,                  0.208411 ,            3.893896
0.5030625832223702  ,0.007044597293099623  ,3039.6283115538777 ,  10088.025016545376 ,     20.0 ,            1.0 ,    0.0 ,20.0                        ,2949.7184231697506  ,                       0.148458 ,             0.154434 ,              0.013476 ,                  0.204057 ,            3.028812
0.5073333333333333  ,0.007561436672967864  ,3015.001441170689  ,  10086.46613333333  ,     20.0 ,            1.0 ,    1.0 ,20.0                        ,2868.0203045685275  ,                       0.110045 ,             0.158827 ,              0.01396  ,                  0.143804 ,            2.944356
0.48946666666666666 ,0.007525083612040134  ,2964.0718917852923 ,  10088.690533333334 ,     10.0 ,            1.0 ,    1.0 ,10.0                        ,2909.849086576648   ,                       0.107926 ,             0.154392 ,              0.013876 ,                  0.202718 ,            2.887971
0.5038666666666667  ,0.007592551540678342  ,2978.656141552094  ,  10088.182400000023 ,     50.0 ,            1.0 ,    1.0 ,50.0                        ,2995.4936501433835  ,                       0.11025  ,             0.154412 ,              0.013788 ,                  0.129809 ,            2.802874
0.4941333333333333  ,0.006685236768802228  ,3088.144284689022  ,  10089.626000000033 ,     20.0 ,            1.0 ,    0.0 ,20.0                        ,2927.8959810874703  ,                       0.102976 ,             0.15416  ,              0.013641 ,                  0.153128 ,            2.872117
0.4997333333333333  ,0.007621272808188696  ,3056.77033873091   ,  10089.549466666695 ,     20.0 ,            1.0 ,    0.0 ,20.0                        ,3018.945634266886   ,                       0.104262 ,             0.154438 ,              0.013523 ,                  0.207127 ,            2.758386
0.48773087071240107 ,0.008471779073605457  ,3122.1836503022505 ,  10088.582368421085 ,     20.0 ,            1.0 ,    0.0 ,20.0                        ,2963.5922330097087  ,                       0.106725 ,             0.15398  ,              0.013486 ,                  0.167182 ,            2.82841
0.5                 ,0.007019677205394649  ,3077.7564386664694 ,  10088.878799999984 ,     50.0 ,            1.0 ,    0.0 ,50.0                        ,2949.7407259672914  ,                       0.105757 ,             0.15549  ,              0.014175 ,                  0.165062 ,            2.85015
0.5136842105263157  ,0.007725180802103879  ,3066.5056482209625 ,  10095.087631578983 ,     50.0 ,            1.0 ,    0.0 ,50.0                        ,2973.7704918032787  ,                       0.109608 ,             0.157894 ,              0.014066 ,                  0.198392 ,            2.715501
0.5057333333333334  ,0.007474255342708448  ,3094.8382224899833 ,  10094.370799999997 ,     20.0 ,            1.0 ,    1.0 ,20.0                        ,3013.9515798112434  ,                       0.105555 ,             0.158793 ,              0.013584 ,                  0.072644 ,            2.882653
0.5068              ,0.007132588742673892  ,3077.8271689242874 ,  10090.188533333374 ,     20.0 ,            1.0 ,    1.0 ,20.0                        ,3039.134054954205   ,                       0.124264 ,             0.179279 ,              0.015607 ,                  0.081297 ,            2.810228
0.49266666666666664 ,0.00751168484308925   ,3104.141462762512  ,  10089.230533333295 ,     20.0 ,            1.0 ,    1.0 ,20.0                        ,2904.7058823529414  ,                       0.105413 ,             0.157253 ,              0.013541 ,                  0.148306 ,            2.94421
0.4997333333333333  ,0.007745076344323965  ,2972.6150808293673 ,  10088.692000000035 ,     10.0 ,            1.0 ,    1.0 ,10.0                        ,2866.1448140900197  ,                       0.104446 ,             0.156177 ,              0.014165 ,                  0.169846 ,            2.921074
0.5070666666666667  ,0.0070477247502774695 ,2956.52955465204   ,  10088.572000000058 ,     20.0 ,            1.0 ,    0.0 ,20.0                        ,2929.103016059538   ,                       0.107751 ,             0.155189 ,              0.014091 ,                  0.132928 ,            2.920144
0.4998666666666667  ,0.007435356786150261  ,3011.2947644023207 ,  10087.101600000005 ,     10.0 ,            1.0 ,    0.0 ,10.0                        ,2972.657820667471   ,                       0.105416 ,             0.156224 ,              0.013986 ,                  0.180365 ,            2.805624
0.5068              ,0.00749063670411985   ,3025.585915575692  ,  10085.704122340425 ,      1.0 ,            1.0 ,    1.0 ,1.0                         ,1834.54443823365    ,                       0.107171 ,             0.155854 ,              0.013705 ,                  0.219928 ,            3.961264
0.5041267305644302  ,0.007762607355208104  ,3031.4325751429706 ,  10083.34940239047  ,     20.0 ,            1.0 ,    1.0 ,20.0                        ,2894.9447077409163  ,                       0.187701 ,             0.176849 ,              0.014592 ,                  0.108028 ,            3.150972
0.4988              ,0.0077682832094107205 ,2975.3628058226664 ,  10086.802266666693 ,     20.0 ,            1.0 ,    1.0 ,20.0                        ,3041.8566100290095  ,                       0.110613 ,             0.153837 ,              0.013683 ,                  0.208006 ,            2.762246
0.4977393617021277  ,0.007394640275770043  ,3072.1780411841187 ,  10090.914266666628 ,     20.0 ,            1.0 ,    0.0 ,20.0                        ,3067.311737484224   ,                       0.108544 ,             0.156172 ,              0.013761 ,                  0.139943 ,            2.732016
0.5033333333333333  ,0.007921454870021199  ,3176.282402844932  ,  10092.324800000024 ,     20.0 ,            1.0 ,    0.0 ,20.0                        ,3097.1574034789987  ,                       0.105899 ,             0.160294 ,              0.014163 ,                  0.110853 ,            2.786465
0.4992              ,0.008074395812451274  ,3188.387806584744  ,  10094.36826666664  ,     20.0 ,            1.0 ,    1.0 ,20.0                        ,3105.439330543933   ,                       0.105366 ,             0.157182 ,              0.013925 ,                  0.133714 ,            2.737463
0.49272486772486773 ,0.007819383259911895  ,3211.2710516657835 ,  10090.268253968232 ,     20.0 ,            1.0 ,    0.0 ,20.0                        ,3001.231021748051   ,                       0.107895 ,             0.15645  ,              0.01372  ,                  0.113706 ,            2.804815
0.48413333333333336 ,0.0073751257123700975 ,3106.6397590241672 ,  10090.301733333352 ,    100.0 ,            1.0 ,    0.0 ,100.0                       ,2969.1933522496956  ,                       0.105865 ,             0.157089 ,              0.014048 ,                  0.167212 ,            2.768236
0.5004              ,0.007355399531929121  ,3069.1365986764245 ,  10090.122133333343 ,     20.0 ,            1.0 ,    0.0 ,20.0                        ,3002.004811547715   ,                       0.107415 ,             0.159924 ,              0.013864 ,                  0.135192 ,            2.915331
0.5053333333333333  ,0.007300490414623272  ,3090.951877176288  ,  10091.054266666686 ,     20.0 ,            1.0 ,    1.0 ,20.0                        ,3077.829196466134   ,                       0.107965 ,             0.178623 ,              0.015897 ,                  0.101193 ,            2.743095
0.5037333333333334  ,0.006983704689058862  ,3160.677463821832  ,  10090.02320000007  ,     20.0 ,            1.0 ,    1.0 ,20.0                        ,3040.7145824678023  ,                       0.105717 ,             0.157228 ,              0.013663 ,                  0.136474 ,            2.789127
0.4942666666666667  ,0.007606040417499444  ,3113.624890400404  ,  10089.60066666667  ,     20.0 ,            1.0 ,    1.0 ,20.0                        ,3044.0016604400166  ,                       0.103846 ,             0.154112 ,              0.013734 ,                  0.179017 ,            2.752028
0.5005291005291005  ,0.008017572762218561  ,3134.3894346199945 ,  10097.50489417993  ,     20.0 ,            1.0 ,    1.0 ,20.0                        ,2986.122448979592   ,                       0.109684 ,             0.157841 ,              0.013927 ,                  0.201754 ,            2.767432
0.5028              ,0.007443617375847128  ,3063.9720598430513 ,  10095.61840000002  ,     20.0 ,            1.0 ,    0.0 ,20.0                        ,2957.6612903225805  ,                       0.106304 ,             0.158929 ,              0.014215 ,                  0.11676  ,            2.889826
0.5069333333333333  ,0.007711083989792522  ,3007.135330712715  ,  10092.597600000032 ,     20.0 ,            1.0 ,    0.0 ,20.0                        ,3017.702758336764   ,                       0.105198 ,             0.157425 ,              0.013798 ,                  0.113773 ,            2.833563
0.5089333333333333  ,0.008349103862852054  ,3054.8168555833295 ,  10090.545200000004 ,     20.0 ,            1.0 ,    1.0 ,20.0                        ,2985.0986709625454  ,                       0.104038 ,             0.158213 ,              0.014086 ,                  0.153719 ,            2.850829
0.4928947368421053  ,0.00812829525483304   ,3066.3089306247603 ,  10091.44894736843  ,     20.0 ,            1.0 ,    1.0 ,20.0                        ,2999.189627228525   ,                       0.105992 ,             0.161357 ,              0.013522 ,                  0.226673 ,            2.771158
0.5118666666666667  ,0.007846410684474123  ,3096.334394206304  ,  10090.796400000001 ,     20.0 ,            1.0 ,    0.0 ,20.0                        ,2894.778481012658   ,                       0.110469 ,             0.154489 ,              0.013494 ,                  0.127352 ,            2.954514
0.5004              ,0.008266755437194852  ,2966.882471104543  ,  10088.314533333338 ,     20.0 ,            1.0 ,    1.0 ,20.0                        ,2903.7773359840953  ,                       0.105393 ,             0.160267 ,              0.013892 ,                  0.111431 ,            2.925218
0.49733333333333335 ,0.008542267583758598  ,2983.2009985370382 ,  10086.823066666688 ,     20.0 ,            1.0 ,    0.0 ,20.0                        ,2948.666127728375   ,                       0.111266 ,             0.161881 ,              0.013796 ,                  0.118207 ,            2.881053
0.49373333333333336 ,0.007855153203342619  ,3029.3324199559497 ,  10089.816533333318 ,     20.0 ,            1.0 ,    0.0 ,20.0                        ,3014.3383859074147  ,                       0.103332 ,             0.1541   ,              0.013682 ,                  0.123907 ,            2.822499
0.5178666666666667  ,0.007232773851590106  ,3107.925832457934  ,  10094.37306666668  ,     20.0 ,            1.0 ,    0.0 ,20.0                        ,2984.19773095624    ,                       0.108556 ,             0.166079 ,              0.015405 ,                  0.1743   ,            2.813537
0.5034666666666666  ,0.007077024358130349  ,3076.2990988467523 ,  10093.108068783056 ,     20.0 ,            1.0 ,    0.0 ,20.0                        ,2952.66507557677    ,                       0.11261  ,             0.166182 ,              0.013515 ,                  0.173545 ,            2.892319
0.5029100529100529  ,0.007081996237689498  ,3063.8393829182373 ,  10093.574735449733 ,     20.0 ,            1.0 ,    0.0 ,20.0                        ,3017.2697368421054  ,                       0.1072   ,             0.154552 ,              0.014169 ,                  0.130902 ,            2.806061
0.49546666666666667 ,0.007106087735004476  ,3106.105817156389  ,  10091.76346666668  ,     20.0 ,            1.0 ,    1.0 ,20.0                        ,2970.779220779221   ,                       0.10588  ,             0.152944 ,              0.01377  ,                  0.135628 ,            2.867525
0.49146666666666666 ,0.007540214477211796  ,3099.6192840953986 ,  10090.51226666671  ,     20.0 ,            1.0 ,    1.0 ,20.0                        ,2961.3059250302294  ,                       0.104548 ,             0.154831 ,              0.013643 ,                  0.147779 ,            2.891634
0.5025333333333334  ,0.006683747354350005  ,3087.549313308449  ,  10088.737866666685 ,     20.0 ,            1.0 ,    1.0 ,20.0                        ,3047.266748869708   ,                       0.1079   ,             0.156198 ,              0.014196 ,                  0.136444 ,            2.805092
0.4944              ,0.0070375335120643435 ,3101.493265624289  ,  10090.680933333353 ,     20.0 ,            1.0 ,    0.0 ,20.0                        ,2971.0378117457763  ,                       0.10377  ,             0.154996 ,              0.01394  ,                  0.176859 ,            2.823454
0.5017333333333334  ,0.00758082497212932   ,3067.487171768648  ,  10091.999866666758 ,     20.0 ,            1.0 ,    0.0 ,20.0                        ,2914.0469558296854  ,                       0.111208 ,             0.157367 ,              0.014609 ,                  0.141656 ,            2.940145
0.5062334217506631  ,0.007029876977152899  ,3045.959879428724  ,  10089.033866666692 ,     20.0 ,            1.0 ,    1.0 ,20.0                        ,2972.0893141945776  ,                       0.10738  ,             0.155396 ,              0.013933 ,                  0.132597 ,            2.870307
0.4982666666666667  ,0.008480212836714332  ,3043.396397917181  ,  10088.140533333348 ,     20.0 ,            1.0 ,    1.0 ,20.0                        ,3014.367816091954   ,                       0.107523 ,             0.158606 ,              0.013808 ,                  0.143586 ,            2.784592
0.5102666666666666  ,0.006967485069674851  ,3100.5662460783005 ,  10095.320533333395 ,     20.0 ,            1.0 ,    1.0 ,20.0                        ,3017.5010175010175  ,                       0.104313 ,             0.156356 ,              0.013763 ,                  0.096099 ,            2.856832
0.4952755905511811  ,0.007214691735898557  ,3121.372224047346  ,  10093.219553805764 ,     20.0 ,            1.0 ,    1.0 ,20.0                        ,3066.390041493776   ,                       0.104852 ,             0.156305 ,              0.013788 ,                  0.178379 ,            2.79584
0.49893333333333334 ,0.007591710074254683  ,3156.166885681705  ,  10094.197066666682 ,     20.0 ,            1.0 ,    0.0 ,20.0                        ,2953.8152610441766  ,                       0.108977 ,             0.15652  ,              0.014219 ,                  0.11778  ,            2.87392
0.5009333333333333  ,0.006774766770324301  ,3029.6872999144016 ,  10091.393103448283 ,     20.0 ,            1.0 ,    1.0 ,20.0                        ,3061.5448161916565  ,                       0.113401 ,             0.157702 ,              0.014159 ,                  0.149529 ,            2.766055
0.5088390501319261  ,0.00804421582576338   ,3114.3074076143585 ,  10089.838666666687 ,     20.0 ,            1.0 ,    1.0 ,20.0                        ,2997.555012224939   ,                       0.106259 ,             0.157971 ,              0.013982 ,                  0.182634 ,            2.775183
0.4977690288713911  ,0.008047738968575496  ,3068.2239787355934 ,  10089.80372340426  ,     20.0 ,            1.0 ,    1.0 ,20.0                        ,3042.7524429967425  ,                       0.10675  ,             0.157864 ,              0.014365 ,                  0.245822 ,            2.708701
0.5                 ,0.008291873963515755  ,3115.3980834901763 ,  10091.349066666733 ,     20.0 ,            1.0 ,    1.0 ,20.0                        ,2938.824470211915   ,                       0.108362 ,             0.157398 ,              0.014226 ,                  0.126421 ,            2.891372
0.5036              ,0.0069367369589345175 ,3031.110101639184  ,  10089.193333333325 ,     20.0 ,            1.0 ,    1.0 ,20.0                        ,3048.8721804511274  ,                       0.111488 ,             0.160604 ,              0.014038 ,                  0.153336 ,            2.727013
0.5025333333333334  ,0.007962840079628402  ,3152.594396032271  ,  10091.528933333337 ,     20.0 ,            1.0 ,    1.0 ,20.0                        ,3045.0              ,                       0.104878 ,             0.15822  ,              0.014061 ,                  0.176584 ,            2.756929
0.4958666666666667  ,0.007981692342040634  ,3081.4184714192274 ,  10097.425733333375 ,     20.0 ,            1.0 ,    1.0 ,20.0                        ,2954.8722044728434  ,                       0.105602 ,             0.158397 ,              0.01397  ,                  0.241616 ,            2.783647
0.49                ,0.007210732252655115  ,3036.4888795679926 ,  10094.474400000014 ,     20.0 ,            1.0 ,    0.0 ,20.0                        ,2941.2698412698414  ,                       0.103971 ,             0.157822 ,              0.013695 ,                  0.172501 ,            2.909369
0.4957894736842105  ,0.007488162096685387  ,3049.9709650790364 ,  10092.027763157881 ,     20.0 ,            1.0 ,    1.0 ,20.0                        ,2992.7184466019417  ,                       0.106694 ,             0.157743 ,              0.014113 ,                  0.19375  ,            2.792574
