write_ratio         ,hot_key_ratio       ,trans_arrival_rate ,execution_delay (us) ,blocksize ,early_execution ,reorder ,blocksize * early_execution ,throughput           ,feature_extraction_overhead (s) ,training_overhead (s) ,inference_overhead (s) ,communication_overhead (s) ,episode_duration (s)
0.49466666666666664 ,0.06696329254727475 ,1465.0529206415995 ,  1083.7116000000092 ,     20.0 ,            1.0 ,    1.0 ,20.0                        , 867.0665634674922   ,                       0.103558 ,             0        ,              0.014691 ,                  0.189506 ,            6.618693
0.4997347480106101  ,0.06493865369735824 ,1449.1419407623832 ,  1083.655039787805  ,     10.0 ,            1.0 ,    1.0 ,10.0                        , 892.6174496644296   ,                       0.109406 ,             0.162356 ,              0.013446 ,                  0.156614 ,            6.495282
0.5037333333333334  ,0.06673717021039742 ,1441.4015496796342 ,  1083.2818666666722 ,     10.0 ,            1.0 ,    1.0 ,10.0                        , 933.6188436830836   ,                       0.138091 ,             0.164999 ,              0.014054 ,                  0.08818  ,            6.417441
0.5088              ,0.06709908297919928 ,1459.6483142813547 ,  1085.389600000005  ,     10.0 ,            1.0 ,    1.0 ,10.0                        , 905.580227843213    ,                       0.114094 ,             0.163107 ,              0.013853 ,                  0.155564 ,            6.448298
0.5018666666666667  ,0.06538976993522448 ,1449.1966716396655 ,  1084.2869333333435 ,     10.0 ,            1.0 ,    0.0 ,10.0                        , 846.0945033751204   ,                       0.111063 ,             0.168018 ,              0.014384 ,                  0.177276 ,            6.48583
0.492               ,0.06455203116304953 ,1447.0548671111635 ,  1084.4285333333378 ,     50.0 ,            1.0 ,    1.0 ,50.0                        ,   5.626903217264663 ,                       0.11409  ,             0.164579 ,              0.014192 ,                  0.117465 ,           16.417512
0.514               ,0.07274247491638795 ,1495.313686905239  ,  1086.478           ,     10.0 ,            1.0 ,    1.0 ,10.0                        , 848.604826546003    ,                       0.016991 ,             0.160963 ,              0.013546 ,                  0.214608 ,            5.256648
0.49106666666666665 ,0.06356026785714286 ,1428.3366372346793 ,  1084.5482666666771 ,     10.0 ,            1.0 ,    1.0 ,10.0                        , 844.4700460829492   ,                       0.111475 ,             0.16819  ,              0.014155 ,                  0.127304 ,            6.557178
0.5004              ,0.06686946902654867 ,1441.0265642679594 ,  1083.584933333344  ,     20.0 ,            1.0 ,    1.0 ,20.0                        , 865.774378585086    ,                       0.116438 ,             0.162309 ,              0.013951 ,                  0.107385 ,            6.477834
0.492               ,0.06743876759392663 ,1451.4327382846154 ,  1084.2292000000093 ,     10.0 ,            1.0 ,    1.0 ,10.0                        , 931.0147143130135   ,                       0.108882 ,             0.164786 ,              0.014016 ,                  0.303944 ,            6.346664
0.4969414893617021  ,0.06447850716427857 ,1440.8769716860977 ,  1083.8793882978805 ,     10.0 ,            1.0 ,    1.0 ,10.0                        , 906.5348070583673   ,                       0.113768 ,             0.168093 ,              0.014299 ,                  0.154159 ,            6.423804
0.49866666666666665 ,0.06352549889135255 ,1455.712848024549  ,  1084.8040000000024 ,     10.0 ,            1.0 ,    1.0 ,10.0                        , 880.8330119552642   ,                       0.116558 ,             0.164071 ,              0.013789 ,                  0.086986 ,            6.541066
0.5049202127659574  ,0.06588156871458727 ,1461.7426857319492 ,  1085.2917553191487 ,      1.0 ,            1.0 ,    1.0 ,1.0                         , 790.6617788925333   ,                       0.123446 ,             0.164412 ,              0.01435  ,                  0.112017 ,            6.485165
0.5009982696659124  ,0.06699310037836635 ,1437.461069559801  ,  1082.6368960468633 ,     10.0 ,            1.0 ,    1.0 ,10.0                        , 879.5690650250096   ,                       0.160689 ,             0.17121  ,              0.014326 ,                  0.182291 ,            6.396385
0.49866666666666665 ,0.0658070253445976  ,1444.555643127729  ,  1082.842533333346  ,     10.0 ,            1.0 ,    1.0 ,10.0                        , 907.1607797722447   ,                       0.118039 ,             0.16191  ,              0.013687 ,                  0.138655 ,            6.470642
0.49840425531914895 ,0.06365945229681978 ,1456.3939762615528 ,  1084.6184840425606 ,     20.0 ,            1.0 ,    0.0 ,20.0                        , 751.7619420516837   ,                       0.111843 ,             0.16082  ,              0.013701 ,                  0.085468 ,            6.446221
0.5002666666666666  ,0.06585365853658537 ,1471.744564798264  ,  1085.287733333339  ,     10.0 ,            1.0 ,    1.0 ,10.0                        , 924.4039542547006   ,                       0.107139 ,             0.161591 ,              0.013562 ,                  0.160337 ,            6.448822
0.494               ,0.06718646317186464 ,1454.9732343123815 ,  1085.1773333333367 ,     10.0 ,            1.0 ,    1.0 ,10.0                        , 901.953125          ,                       0.113088 ,             0.16188  ,              0.013717 ,                  0.153332 ,            6.404525
0.5053333333333333  ,0.06511859898027045 ,1466.4984299667808 ,  1084.6232000000055 ,     10.0 ,            1.0 ,    1.0 ,10.0                        , 887.5239923224568   ,                       0.113502 ,             0.160973 ,              0.013964 ,                  0.099176 ,            6.511019
0.4928286852589641  ,0.0656128674431503  ,1448.671992957107  ,  1084.7220451527226 ,     20.0 ,            1.0 ,    1.0 ,20.0                        , 813.9398672393596   ,                       0.11251  ,             0.161751 ,              0.013627 ,                  0.169511 ,            6.376535
0.5038666666666667  ,0.0654319618498392  ,1465.5977313328772 ,  1086.2872000000036 ,     20.0 ,            1.0 ,    0.0 ,20.0                        , 726.1996904024768   ,                       0.10729  ,             0.160575 ,              0.01391  ,                  0.113031 ,            6.489004
0.5072              ,0.06599888703394546 ,1452.346478747233  ,  1085.2664000000036 ,     10.0 ,            1.0 ,    1.0 ,10.0                        , 942.6664048694287   ,                       0.106598 ,             0.161445 ,              0.013587 ,                  0.163028 ,            6.380549
0.5063576158940397  ,0.064272950636587   ,1467.2492363456809 ,  1085.363249001338  ,    150.0 ,            0.0 ,    1.0 ,-150.0                      ,1452.8887165568049   ,                       0.11158  ,             0.169247 ,              0.014675 ,                  0.128078 ,            6.39249
0.5069388844408861  ,0.06778530947883098 ,1468.1825216926222 ,  1115.391780090739  ,    550.0 ,            0.0 ,    1.0 ,-550.0                      ,1209.2000676475564   ,                       0.105244 ,             0.168983 ,              0.014011 ,                  0.150382 ,            7.116704
0.500979020979021   ,0.06632118318388261 ,1457.2571200767638 ,  1115.0081118881124 ,    100.0 ,            0.0 ,    0.0 ,-100.0                      , 853.6391506755989   ,                       0.099219 ,             0.164252 ,              0.014503 ,                  0.118382 ,           10.115111
0.5096              ,0.06433945563177694 ,1408.6170929861948 ,  1119.2677333333345 ,    300.0 ,            0.0 ,    1.0 ,-300.0                      ,1584.953508030431    ,                       0.104786 ,             0.162817 ,              0.013999 ,                  0.518642 ,            7.217261
0.5001333333333333  ,0.06631063640409435 ,1464.9670704701898 ,  1104.8790666666719 ,     10.0 ,            1.0 ,    1.0 ,10.0                        , 866.7693492491336   ,                       0.103451 ,             0.166824 ,              0.014319 ,                  0.175912 ,            6.360428
0.5046604527296937  ,0.06757354567573545 ,1462.5386594148638 ,  1083.6209054594015 ,    300.0 ,            0.0 ,    0.0 ,-300.0                      , 843.7218721872188   ,                       0.114465 ,             0.162225 ,              0.01351  ,                  0.215716 ,            9.640337
0.5102177106985442  ,0.06783891723984913 ,1400.7669699634923 ,  1123.1008414585283 ,    350.0 ,            0.0 ,    1.0 ,-350.0                      ,1587.1302094580005   ,                       0.106555 ,             0.164359 ,              0.014061 ,                  0.565424 ,            6.98761
0.5047619047619047  ,0.06530335555304485 ,1483.057430844124  ,  1116.3125170068058 ,    500.0 ,            0.0 ,    1.0 ,-500.0                      ,1358.695652173913    ,                       0.102425 ,             0.160528 ,              0.014055 ,                  0.086276 ,            6.865535
0.5053333333333333  ,0.06499888318070136 ,1445.601996858225  ,  1113.4937333333355 ,    350.0 ,            0.0 ,    1.0 ,-350.0                      ,1404.548060386012    ,                       0.10283  ,             0.159855 ,              0.013375 ,                  0.183868 ,            6.525419
0.5091156462585034  ,0.06653111939455551 ,1459.0695265488123 ,  1117.0280272108855 ,    400.0 ,            0.0 ,    1.0 ,-400.0                      ,1424.896101325945    ,                       0.100219 ,             0.160472 ,              0.014054 ,                  0.153769 ,            6.290312
0.49430555555555555 ,0.06583836507199257 ,1492.4420248458432 ,  1115.726249999996  ,    400.0 ,            0.0 ,    1.0 ,-400.0                      ,1383.8170286373245   ,                       0.110678 ,             0.169689 ,              0.014099 ,                  0.099211 ,            6.715507
0.4998611111111111  ,0.06653575141503985 ,1456.7355608168887 ,  1114.4101388888864 ,    350.0 ,            0.0 ,    1.0 ,-350.0                      ,1402.9394922695171   ,                       0.103093 ,             0.165051 ,              0.014474 ,                  0.167954 ,            6.619923
0.49918367346938775 ,0.06551646368967072 ,1460.126043642472  ,  1118.3419047619038 ,    250.0 ,            0.0 ,    1.0 ,-250.0                      ,1426.6692029674718   ,                       0.101732 ,             0.162585 ,              0.014434 ,                  0.132449 ,            6.472322
0.5010666666666667  ,0.06521498839394274 ,1468.1462187502632 ,  1118.5234666666652 ,    350.0 ,            0.0 ,    1.0 ,-350.0                      ,1429.9610894941634   ,                       0.105095 ,             0.16656  ,              0.01525  ,                  0.141524 ,            6.429744
0.5082993197278911  ,0.06665912177455863 ,1485.0803974034734 ,  1116.2848979591843 ,    250.0 ,            0.0 ,    0.0 ,-250.0                      , 844.77913903563     ,                       0.100836 ,             0.167683 ,              0.013702 ,                  0.086374 ,            9.750341
0.4916              ,0.06410682624113476 ,1397.438625427197  ,  1128.3465333333302 ,    350.0 ,            0.0 ,    1.0 ,-350.0                      ,1558.193767224931    ,                       0.103529 ,             0.163591 ,              0.014439 ,                  0.669663 ,            7.070076
0.5027210884353741  ,0.06525442980463425 ,1452.1900507792332 ,  1115.6604081632665 ,    300.0 ,            0.0 ,    1.0 ,-300.0                      ,1402.3934181002244   ,                       0.100837 ,             0.160334 ,              0.014204 ,                  0.12112  ,            6.599941
0.5004              ,0.06546626653328888 ,1443.5713724783695 ,  1114.7706666666647 ,    350.0 ,            0.0 ,    1.0 ,-350.0                      ,1422.7642276422764   ,                       0.101948 ,             0.159988 ,              0.013708 ,                  0.132393 ,            6.379123
0.49197278911564624 ,0.06455279008978293 ,1476.8294501090845 ,  1116.7374149659809 ,    300.0 ,            0.0 ,    1.0 ,-300.0                      ,1424.5014245014245   ,                       0.102774 ,             0.162099 ,              0.014172 ,                  0.133857 ,            6.544418
0.5096              ,0.06477171985815602 ,1466.2140301043064 ,  1118.5559999999966 ,    300.0 ,            0.0 ,    1.0 ,-300.0                      ,1415.8957900698508   ,                       0.103634 ,             0.162985 ,              0.013371 ,                  0.146604 ,            6.509464
0.5001333333333333  ,0.06500445235975066 ,1456.9910803006064 ,  1115.7635999999968 ,    350.0 ,            0.0 ,    1.0 ,-350.0                      ,1412.3750960799387   ,                       0.102942 ,             0.161556 ,              0.014183 ,                  0.069613 ,            6.531189
0.49578231292517005 ,0.06515548467934844 ,1466.1750425489981 ,  1117.417414965985  ,    350.0 ,            0.0 ,    1.0 ,-350.0                      ,1434.9863334634908   ,                       0.101103 ,             0.164954 ,              0.014753 ,                  0.14122  ,            6.352191
0.4927891156462585  ,0.06630681818181818 ,1488.9917925151726 ,  1117.4082993197221 ,    300.0 ,            0.0 ,    1.0 ,-300.0                      ,1438.9869531849577   ,                       0.103193 ,             0.163354 ,              0.013962 ,                  0.111901 ,            6.487256
0.49466666666666664 ,0.0641993119520586  ,1489.3035242282876 ,  1114.2288000000017 ,    200.0 ,            0.0 ,    1.0 ,-200.0                      ,1433.5528864781093   ,                       0.107282 ,             0.160578 ,              0.013739 ,                  0.134456 ,            6.330551
0.4847297297297297  ,0.06588927884071097 ,1469.1299078120983 ,  1115.0114864864936 ,    300.0 ,            0.0 ,    1.0 ,-300.0                      ,1426.9406392694063   ,                       0.104022 ,             0.165322 ,              0.014127 ,                  0.088022 ,            6.629858
0.48333333333333334 ,0.0647849761084565  ,1473.4102492774396 ,  1115.6491999999978 ,    350.0 ,            0.0 ,    1.0 ,-350.0                      ,1418.3712852180624   ,                       0.10525  ,             0.168883 ,              0.013882 ,                  0.145146 ,            6.364984
0.49523809523809526 ,0.06642402183803457 ,1469.5858707016364 ,  1115.5175510204058 ,    350.0 ,            0.0 ,    1.0 ,-350.0                      ,1397.869912514264    ,                       0.105205 ,             0.158578 ,              0.013719 ,                  0.124102 ,            6.558724
0.5006802721088436  ,0.06511390683441007 ,1450.0184556770787 ,  1116.5087074829908 ,    300.0 ,            0.0 ,    1.0 ,-300.0                      ,1397.4287311347123   ,                       0.100023 ,             0.164113 ,              0.014067 ,                  0.130957 ,            6.648197
0.5066666666666667  ,0.06568736141906874 ,1435.3866443588443 ,  1115.1306666666685 ,    350.0 ,            0.0 ,    1.0 ,-350.0                      ,1405.3537284894837   ,                       0.11872  ,             0.166917 ,              0.014546 ,                  0.111384 ,            6.499205
0.5059863945578231  ,0.0637265959846605  ,1459.3725571642187 ,  1115.862857142859  ,    300.0 ,            0.0 ,    1.0 ,-300.0                      ,1427.7555682467162   ,                       0.10411  ,             0.164947 ,              0.014307 ,                  0.181403 ,            6.504786
0.5048              ,0.06568126250277839 ,1469.7818726118494 ,  1117.7067999999967 ,    350.0 ,            0.0 ,    1.0 ,-350.0                      ,1424.418604651163    ,                       0.10676  ,             0.160566 ,              0.013936 ,                  0.131576 ,            6.367909
0.5065306122448979  ,0.06407634628493525 ,1479.1613336360078 ,  1117.747755102036  ,    450.0 ,            0.0 ,    1.0 ,-450.0                      ,1388.888888888889    ,                       0.101992 ,             0.16202  ,              0.014101 ,                  0.1385   ,            6.440962
0.5073611111111112  ,0.06367733733965099 ,1472.6233189084426 ,  1117.6762499999963 ,    350.0 ,            0.0 ,    1.0 ,-350.0                      ,1409.6662830840046   ,                       0.100807 ,             0.161999 ,              0.014387 ,                  0.129508 ,            6.596294
0.511156462585034   ,0.06588142470694319 ,1459.8108124909754 ,  1116.1775510204043 ,    350.0 ,            0.0 ,    1.0 ,-350.0                      ,1404.548060386012    ,                       0.101084 ,             0.16531  ,              0.014613 ,                  0.076001 ,            6.513993
0.4965986394557823  ,0.06430995475113122 ,1459.7478985588414 ,  1114.8828571428576 ,    350.0 ,            0.0 ,    1.0 ,-350.0                      ,1432.4693042291951   ,                       0.101956 ,             0.160285 ,              0.013803 ,                  0.209335 ,            6.28976
0.502312925170068   ,0.06514584042673931 ,1482.7085918827456 ,  1117.6009523809537 ,    100.0 ,            0.0 ,    1.0 ,-100.0                      ,1485.7369255150554   ,                       0.100949 ,             0.160311 ,              0.014487 ,                  0.146633 ,            6.285459
0.4962666666666667  ,0.06445487042001788 ,1493.329000688126  ,  1114.8607999999992 ,    300.0 ,            0.0 ,    1.0 ,-300.0                      ,1432.9384791746274   ,                       0.1039   ,             0.158494 ,              0.013714 ,                  0.171491 ,            6.508112
0.4928              ,0.06814889111779784 ,1473.995766684158  ,  1115.6841333333293 ,    100.0 ,            0.0 ,    1.0 ,-100.0                      ,1462.5585023400936   ,                       0.102251 ,             0.160777 ,              0.013979 ,                  0.156991 ,            6.29318
0.5008              ,0.06562847608453838 ,1477.3292015390223 ,  1112.5289333333349 ,    150.0 ,            0.0 ,    1.0 ,-150.0                      ,1443.4180138568129   ,                       0.103964 ,             0.159084 ,              0.013774 ,                  0.125361 ,            6.492856
0.5052              ,0.06457849961330239 ,1462.889421163914  ,  1117.0943999999938 ,    100.0 ,            0.0 ,    1.0 ,-100.0                      ,1467.710371819961    ,                       0.10402  ,             0.157628 ,              0.013675 ,                  0.168251 ,            6.254357
0.5014666666666666  ,0.06636971046770601 ,1477.2468530702706 ,  1117.9386666666644 ,    100.0 ,            0.0 ,    1.0 ,-100.0                      ,1473.4774066797643   ,                       0.107555 ,             0.160224 ,              0.013958 ,                  0.149722 ,            6.377446
0.5037333333333334  ,0.06647301977432689 ,1485.079113134515  ,  1115.5666666666625 ,     50.0 ,            0.0 ,    1.0 ,-50.0                       ,1463.4146341463415   ,                       0.10397  ,             0.16757  ,              0.014316 ,                  0.180944 ,            6.354713
0.5065333333333333  ,0.0657763493294913  ,1468.1559902036802 ,  1115.5341721854293 ,    350.0 ,            0.0 ,    1.0 ,-350.0                      ,1435.8273100214888   ,                       0.107264 ,             0.16331  ,              0.014262 ,                  0.135124 ,            6.420439
0.49551020408163265 ,0.06478953356086462 ,1488.7848922565358 ,  1116.042585034018  ,    100.0 ,            0.0 ,    1.0 ,-100.0                      ,1477.2503446917472   ,                       0.105761 ,             0.163595 ,              0.014036 ,                  0.09398  ,            6.34304
0.5058666666666667  ,0.06486187845303867 ,1490.601459676448  ,  1115.7710666666703 ,     50.0 ,            0.0 ,    1.0 ,-50.0                       ,1459.7119501751654   ,                       0.110521 ,             0.159648 ,              0.014413 ,                  0.090951 ,            6.468697
0.5050666666666667  ,0.0652706616172867  ,1470.4443624045412 ,  1111.5720000000001 ,    150.0 ,            0.0 ,    1.0 ,-150.0                      ,1474.056603773585    ,                       0.106136 ,             0.157441 ,              0.013369 ,                  0.162507 ,            6.35252
0.49333333333333335 ,0.06585420393559928 ,1492.2937948434285 ,  1117.397333333334  ,    100.0 ,            0.0 ,    1.0 ,-100.0                      ,1476.0873843731547   ,                       0.105289 ,             0.157613 ,              0.015149 ,                  0.180038 ,            6.257324
0.5005333333333334  ,0.06485192607437096 ,1490.9902441526344 ,  1115.7140000000002 ,    300.0 ,            0.0 ,    1.0 ,-300.0                      ,1412.1634343814724   ,                       0.103349 ,             0.159334 ,              0.014005 ,                  0.202448 ,            6.545516
0.5117333333333334  ,0.06519818924588716 ,1455.0240428172835 ,  1115.234666666666  ,    100.0 ,            0.0 ,    1.0 ,-100.0                      ,1458.00933125972     ,                       0.10249  ,             0.156271 ,              0.013452 ,                  0.155009 ,            6.35654
0.5002666666666666  ,0.06585991523533348 ,1476.138516114709  ,  1113.8422666666686 ,    100.0 ,            0.0 ,    1.0 ,-100.0                      ,1464.557703573521    ,                       0.105536 ,             0.160484 ,              0.014106 ,                  0.084844 ,            6.452005
0.4984              ,0.06509203814593036 ,1483.6155433850727 ,  1114.6554666666623 ,    100.0 ,            0.0 ,    1.0 ,-100.0                      ,1459.4279042615294   ,                       0.109424 ,             0.159161 ,              0.013861 ,                  0.130141 ,            6.407104
0.5025333333333334  ,0.06550802139037433 ,1467.7049146001218 ,  1114.842533333333  ,    100.0 ,            0.0 ,    1.0 ,-100.0                      ,1440.0921658986174   ,                       0.103853 ,             0.159434 ,              0.013773 ,                  0.134327 ,            6.506211
0.4928              ,0.06444964349376114 ,1449.6879981490383 ,  1111.788400000001  ,    100.0 ,            0.0 ,    1.0 ,-100.0                      ,1435.9563469270533   ,                       0.103518 ,             0.159013 ,              0.013739 ,                  0.138615 ,            6.533671
0.4965333333333333  ,0.06846196557468073 ,1446.2481623006684 ,  1116.1185333333349 ,    100.0 ,            0.0 ,    1.0 ,-100.0                      ,1436.781609195402    ,                       0.103174 ,             0.159508 ,              0.013755 ,                  0.13886  ,            6.532575
0.5006666666666667  ,0.06391396411456592 ,1444.5389493926002 ,  1114.781466666673  ,    150.0 ,            0.0 ,    1.0 ,-150.0                      ,1471.4537963507946   ,                       0.107075 ,             0.157341 ,              0.013693 ,                  0.161157 ,            6.34098
0.5008              ,0.06437409430386802 ,1485.9226658482867 ,  1115.2173333333385 ,     50.0 ,            0.0 ,    1.0 ,-50.0                       ,1485.148514851485    ,                       0.103975 ,             0.159183 ,              0.014005 ,                  0.127329 ,            6.287459
0.5004              ,0.06643200357581852 ,1494.3945261324773 ,  1117.51506666667   ,     50.0 ,            0.0 ,    1.0 ,-50.0                       ,1467.4232048522795   ,                       0.131615 ,             0.180992 ,              0.014426 ,                  0.065042 ,            6.402359
0.5029333333333333  ,0.06541643684500828 ,1478.2813855399247 ,  1114.061866666671  ,    100.0 ,            0.0 ,    1.0 ,-100.0                      ,1459.4279042615294   ,                       0.107455 ,             0.161021 ,              0.014307 ,                  0.108908 ,            6.44853
0.49333333333333335 ,0.0642601698703621  ,1475.2976167058769 ,  1115.2491999999975 ,     50.0 ,            0.0 ,    1.0 ,-50.0                       ,1457.1595103944046   ,                       0.10697  ,             0.157513 ,              0.013583 ,                  0.145414 ,            6.405608
0.5014666666666666  ,0.06755708268676569 ,1471.4465791319444 ,  1115.1268000000002 ,    100.0 ,            0.0 ,    1.0 ,-100.0                      ,1441.1990776325902   ,                       0.107433 ,             0.157    ,              0.013577 ,                  0.108753 ,            6.525388
0.49893333333333334 ,0.06627442273534635 ,1450.8647250485606 ,  1116.409866666668  ,     50.0 ,            0.0 ,    1.0 ,-50.0                       ,1456.1234329797492   ,                       0.103586 ,             0.160275 ,              0.014024 ,                  0.110177 ,            6.470433
0.5018666666666667  ,0.06312347594768344 ,1462.6318050651134 ,  1113.5833112582748 ,     50.0 ,            0.0 ,    1.0 ,-50.0                       ,1453.206742879287    ,                       0.109443 ,             0.161319 ,              0.013903 ,                  0.121739 ,            6.484013
0.49706666666666666 ,0.0641565931019186  ,1456.939002237664  ,  1110.9740000000047 ,    100.0 ,            0.0 ,    1.0 ,-100.0                      ,1404.231417337577    ,                       0.105137 ,             0.161915 ,              0.013508 ,                  0.177323 ,            6.613662
0.4942666666666667  ,0.0660345789180145  ,1419.1421077817618 ,  1116.0203999999967 ,     20.0 ,            0.0 ,    1.0 ,-20.0                       ,1472.8986645718774   ,                       0.103612 ,             0.156312 ,              0.013843 ,                  0.151769 ,            6.364711
0.4962666666666667  ,0.06533303779230855 ,1475.0237183813915 ,  1116.2968000000008 ,     50.0 ,            0.0 ,    1.0 ,-50.0                       ,1439.2630972941854   ,                       0.113426 ,             0.155935 ,              0.013745 ,                  0.125505 ,            6.504401
0.508               ,0.06477598764069742 ,1445.4236922288242 ,  1113.233866666666  ,    150.0 ,            0.0 ,    1.0 ,-150.0                      ,1463.7002341920374   ,                       0.105197 ,             0.160877 ,              0.013767 ,                  0.12332  ,            6.482732
0.5072              ,0.06872432552459198 ,1479.1201483380014 ,  1118.2231999999965 ,     50.0 ,            0.0 ,    1.0 ,-50.0                       ,1443.1402732345584   ,                       0.103857 ,             0.156915 ,              0.013751 ,                  0.147903 ,            6.437239
0.5029333333333333  ,0.06835091615769018 ,1454.7147304413606 ,  1114.8320000000008 ,    150.0 ,            0.0 ,    1.0 ,-150.0                      ,1460.5647517039922   ,                       0.105626 ,             0.16185  ,              0.0144   ,                  0.162413 ,            6.39996
0.49706666666666666 ,0.06533392897029261 ,1477.3548100013375 ,  1114.2033333333338 ,    150.0 ,            0.0 ,    1.0 ,-150.0                      ,1450.396441694063    ,                       0.103668 ,             0.160572 ,              0.01413  ,                  0.179234 ,            6.345681
0.4965333333333333  ,0.06385824139083919 ,1462.7419155717068 ,  1110.1232000000048 ,     50.0 ,            0.0 ,    1.0 ,-50.0                       ,1422.8799089356858   ,                       0.103276 ,             0.160227 ,              0.013541 ,                  0.173666 ,            6.511412
0.49093333333333333 ,0.06444790739091719 ,1427.852063103446  ,  1114.8869333333337 ,    150.0 ,            0.0 ,    1.0 ,-150.0                      ,1457.7259475218657   ,                       0.105212 ,             0.159125 ,              0.013522 ,                  0.159714 ,            6.385475
0.4845333333333333  ,0.063448353377543   ,1473.4467219346711 ,  1115.6879999999983 ,     50.0 ,            0.0 ,    1.0 ,-50.0                       ,1454.4403775765747   ,                       0.102869 ,             0.156196 ,              0.013482 ,                  0.160743 ,            6.338422
0.48906666666666665 ,0.06455710183344378 ,1452.3307294011574 ,  1115.2684768211914 ,    150.0 ,            0.0 ,    1.0 ,-150.0                      ,1426.3978699125141   ,                       0.105812 ,             0.158101 ,              0.013403 ,                  0.218075 ,            6.507343
0.5064              ,0.06474780091303864 ,1446.0579880821685 ,  1116.7106666666746 ,    100.0 ,            0.0 ,    1.0 ,-100.0                      ,1444.5300462249616   ,                       0.104259 ,             0.163588 ,              0.015089 ,                  0.137423 ,            6.397793
0.5062666666666666  ,0.0646967513028052  ,1458.0467461451187 ,  1115.4283999999993 ,    300.0 ,            0.0 ,    1.0 ,-300.0                      ,1440.3687343960055   ,                       0.107375 ,             0.159585 ,              0.014209 ,                  0.142039 ,            6.499326
0.5036              ,0.06523657218484614 ,1479.6795605943576 ,  1116.8906666666685 ,     50.0 ,            0.0 ,    0.0 ,-50.0                       , 857.0124386625585   ,                       0.107785 ,             0.15695  ,              0.014259 ,                  0.08573  ,            9.543396
0.5025333333333334  ,0.06378119429590018 ,1421.623346012318  ,  1122.1121333333297 ,    300.0 ,            0.0 ,    1.0 ,-300.0                      ,1555.6938394523959   ,                       0.105473 ,             0.152194 ,              0.01365  ,                  0.567694 ,            7.303106
0.512               ,0.06419141914191419 ,1433.3602168005107 ,  1114.9354666666643 ,    100.0 ,            0.0 ,    1.0 ,-100.0                      ,1433.48623853211     ,                       0.104709 ,             0.157033 ,              0.013841 ,                  0.145157 ,            6.459684
0.48733333333333334 ,0.0663583686204591  ,1450.3111787665162 ,  1116.9117333333338 ,     20.0 ,            0.0 ,    1.0 ,-20.0                       ,1471.4537963507946   ,                       0.106015 ,             0.15693  ,              0.014014 ,                  0.128191 ,            6.338999
0.49546666666666667 ,0.0644892979926805  ,1473.8952516401016 ,  1117.6739999999984 ,     50.0 ,            0.0 ,    1.0 ,-50.0                       ,1419.916698220371    ,                       0.107515 ,             0.155887 ,              0.013854 ,                  0.153513 ,            6.560865
0.49146666666666666 ,0.06528520499108735 ,1434.0670466498186 ,  1110.4810666666697 ,    300.0 ,            0.0 ,    1.0 ,-300.0                      ,1396.1280714817572   ,                       0.106809 ,             0.155907 ,              0.014143 ,                  0.130663 ,            6.705762
0.4958666666666667  ,0.06626842340330505 ,1421.2545394869992 ,  1114.5888000000045 ,    150.0 ,            0.0 ,    1.0 ,-150.0                      ,1414.2937959645483   ,                       0.104362 ,             0.163731 ,              0.01465  ,                  0.091879 ,            6.605533
0.4998666666666667  ,0.06561563228599977 ,1438.0687082384845 ,  1115.6078666666633 ,    100.0 ,            0.0 ,    1.0 ,-100.0                      ,1446.7592592592594   ,                       0.104689 ,             0.16129  ,              0.014715 ,                  0.183953 ,            6.307722
0.4984              ,0.06460799642617825 ,1460.7852207489934 ,  1115.0625333333348 ,     50.0 ,            0.0 ,    1.0 ,-50.0                       ,1467.710371819961    ,                       0.109376 ,             0.154343 ,              0.014001 ,                  0.266582 ,            6.303979
0.49493333333333334 ,0.06470523172215463 ,1480.5599517219011 ,  1113.6716000000026 ,    400.0 ,            0.0 ,    1.0 ,-400.0                      ,1390.2297740876618   ,                       0.109908 ,             0.156354 ,              0.013997 ,                  0.118688 ,            6.434815
0.5025              ,0.0657409541368979  ,1451.9864384466648 ,  1111.714722222223  ,    150.0 ,            0.0 ,    1.0 ,-150.0                      ,1454.3339150668994   ,                       0.099585 ,             0.154315 ,              0.013711 ,                  0.148537 ,            6.669005
0.5010666666666667  ,0.06589275843007186 ,1472.7604125143005 ,  1118.6390666666643 ,    300.0 ,            0.0 ,    1.0 ,-300.0                      ,1436.781609195402    ,                       0.10623  ,             0.154474 ,              0.013789 ,                  0.142956 ,            6.39075
0.496               ,0.0650216738912971  ,1478.1406645956931 ,  1115.564266666667  ,     20.0 ,            0.0 ,    1.0 ,-20.0                       ,1443.4180138568129   ,                       0.103593 ,             0.158792 ,              0.014401 ,                  0.117047 ,            6.420037
0.514               ,0.06561360874848117 ,1445.5827712746898 ,  1117.3713333333328 ,    100.0 ,            0.0 ,    1.0 ,-100.0                      ,1461.9883040935672   ,                       0.108487 ,             0.157378 ,              0.014243 ,                  0.097674 ,            6.453896
0.4945333333333333  ,0.06486516479857951 ,1474.6348066901232 ,  1113.2772000000004 ,     20.0 ,            0.0 ,    1.0 ,-20.0                       ,1480.8979913351714   ,                       0.108023 ,             0.154757 ,              0.014487 ,                  0.142986 ,            6.365594
0.4997340425531915  ,0.06488042515500443 ,1485.8732380200975 ,  1115.7098404255312 ,     50.0 ,            0.0 ,    1.0 ,-50.0                       ,1437.3323112303565   ,                       0.110483 ,             0.157157 ,              0.014423 ,                  0.174945 ,            6.511651
0.5038666666666667  ,0.0654418294849023  ,1451.6310720276113 ,  1115.9406666666662 ,     20.0 ,            0.0 ,    1.0 ,-20.0                       ,1460.2803738317757   ,                       0.105826 ,             0.154306 ,              0.013628 ,                  0.129247 ,            6.388088
0.5110666666666667  ,0.06720071206052515 ,1461.6256044065478 ,  1115.7447999999958 ,    100.0 ,            0.0 ,    1.0 ,-100.0                      ,1467.4232048522795   ,                       0.111633 ,             0.157547 ,              0.014498 ,                  0.102072 ,            6.386
0.5057333333333334  ,0.06446418656302054 ,1473.8958309382524 ,  1114.882666666666  ,     10.0 ,            0.0 ,    1.0 ,-10.0                       ,1484.2667722145259   ,                       0.10433  ,             0.1559   ,              0.014566 ,                  0.157795 ,            6.293523
0.4996              ,0.0640352836087539  ,1483.1203111151365 ,  1119.9013297872311 ,    300.0 ,            0.0 ,    1.0 ,-300.0                      ,1395.8682300390844   ,                       0.109826 ,             0.154193 ,              0.013716 ,                  0.147531 ,            6.691067
0.506               ,0.06847717427524158 ,1435.6432705944462 ,  1113.249199999997  ,    350.0 ,            0.0 ,    1.0 ,-350.0                      ,1416.7309175019275   ,                       0.104344 ,             0.1545   ,              0.014086 ,                  0.109712 ,            6.424039
0.503265306122449   ,0.06730007917656373 ,1466.9628002184277 ,  1114.046394557823  ,     20.0 ,            0.0 ,    1.0 ,-20.0                       ,1432.9152413530976   ,                       0.100924 ,             0.153157 ,              0.013939 ,                  0.148867 ,            6.552203
0.49986737400530507 ,0.06631241005203144 ,1448.1841998110062 ,  1115.0981432360718 ,     10.0 ,            0.0 ,    1.0 ,-10.0                       ,1432.6538388264432   ,                       0.109179 ,             0.154743 ,              0.014079 ,                  0.133771 ,            6.539625
0.4866666666666667  ,0.06467439785905442 ,1426.1448092227074 ,  1118.1946666666672 ,     20.0 ,            0.0 ,    1.0 ,-20.0                       ,1449.2753623188405   ,                       0.112777 ,             0.153027 ,              0.013445 ,                  0.127256 ,            6.487819
0.4988              ,0.0642411410742144  ,1451.9185554997803 ,  1116.4352000000003 ,     10.0 ,            0.0 ,    1.0 ,-10.0                       ,1497.9029358897544   ,                       0.110102 ,             0.158562 ,              0.013701 ,                  0.137564 ,            6.147964
0.4978666666666667  ,0.06593345860506244 ,1499.5096603410684 ,  1118.1603999999913 ,     20.0 ,            0.0 ,    1.0 ,-20.0                       ,1473.0656219392752   ,                       0.115027 ,             0.155597 ,              0.013794 ,                  0.085371 ,            6.413642
0.4944              ,0.06541537094624611 ,1475.514428268653  ,  1116.2754666666644 ,      1.0 ,            0.0 ,    1.0 ,-1.0                        , 817.1714970581826   ,                       0.111583 ,             0.154087 ,              0.013671 ,                  0.132881 ,           10.289729
0.5118666666666667  ,0.0659146206591462  ,1478.5266020555596 ,  1102.8465333333336 ,     20.0 ,            0.0 ,    1.0 ,-20.0                       ,1590.2397980647875   ,                       0.15629  ,             0.155114 ,              0.014011 ,                  0.291026 ,            7.355944
0.498               ,0.06461487088156723 ,1506.3619691404679 ,  1115.532671957672  ,     10.0 ,            0.0 ,    1.0 ,-10.0                       ,1495.345612992672    ,                       0.11648  ,             0.157441 ,              0.014302 ,                  0.15609  ,            6.257226
0.4921333333333333  ,0.0681590377547611  ,1496.9262117168607 ,  1119.604238410599  ,     20.0 ,            0.0 ,    1.0 ,-20.0                       ,1486.031305726174    ,                       0.114049 ,             0.160939 ,              0.014721 ,                  0.166023 ,            6.266335
0.5052              ,0.06545231729055258 ,1496.3835402599    ,  1116.5338666666635 ,     20.0 ,            0.0 ,    1.0 ,-20.0                       ,1485.2652259332024   ,                       0.112622 ,             0.15588  ,              0.014016 ,                  0.154559 ,            6.300065
0.498               ,0.06590051077059737 ,1478.1068722509676 ,  1114.8092592592575 ,     20.0 ,            0.0 ,    1.0 ,-20.0                       ,1486.9151467089612   ,                       0.113879 ,             0.156395 ,              0.015323 ,                  0.145687 ,            6.320728
0.5045333333333333  ,0.0640587066872655  ,1489.0808678125045 ,  1116.2418666666624 ,     20.0 ,            0.0 ,    1.0 ,-20.0                       ,1513.0119023602986   ,                       0.108373 ,             0.158402 ,              0.014512 ,                  0.129902 ,            6.19059
0.49706666666666666 ,0.06533776301218161 ,1515.9263219382835 ,  1115.9832010581965 ,     20.0 ,            0.0 ,    1.0 ,-20.0                       ,1499.3040365877907   ,                       0.108659 ,             0.155818 ,              0.014168 ,                  0.173989 ,            6.183017
0.4956233421750663  ,0.06610975879619385 ,1510.1438001386769 ,  1114.6558355437671 ,     20.0 ,            0.0 ,    1.0 ,-20.0                       ,1511.4873035066505   ,                       0.108165 ,             0.154615 ,              0.014128 ,                  0.27257  ,            6.036543
0.49706666666666666 ,0.06568736141906874 ,1513.621992483555  ,  1113.938133333331  ,     20.0 ,            0.0 ,    1.0 ,-20.0                       ,1496.7072440630614   ,                       0.109501 ,             0.155403 ,              0.013916 ,                  0.160822 ,            6.239952
0.5002666666666666  ,0.06513474225651347 ,1500.2232332171027 ,  1116.6553050397845 ,     20.0 ,            0.0 ,    0.0 ,-20.0                       , 859.8056032018296   ,                       0.109576 ,             0.156364 ,              0.014025 ,                  0.128384 ,            9.573409
0.4992              ,0.06453392167677882 ,1452.011035283868  ,  1122.1689333333295 ,    600.0 ,            1.0 ,    1.0 ,600.0                       ,   0.0               ,                       0.107717 ,             0.153979 ,              0.014163 ,                  0.561026 ,           17.005945
0.4992              ,0.06453392167677882 ,1452.011035283868  ,  1122.1689333333295 ,     20.0 ,            0.0 ,    1.0 ,-20.0                       ,1484.836549822765    ,                       0.107717 ,             0.154088 ,              0.013766 ,                  0.148257 ,            5.039358
0.5017241379310344  ,0.06580971215117556 ,1494.6545286446378 ,  1115.5992042440307 ,     20.0 ,            0.0 ,    1.0 ,-20.0                       ,1454.3339150668994   ,                       0.102528 ,             0.153038 ,              0.013445 ,                  0.213376 ,            6.362337
0.4952              ,0.06333407473309609 ,1456.878720868253  ,  1116.9678666666623 ,     20.0 ,            0.0 ,    0.0 ,-20.0                       , 857.5657520209495   ,                       0.107822 ,             0.153632 ,              0.013625 ,                  0.138253 ,            9.588182
0.49375             ,0.0663544106167057  ,1403.5876222236448 ,  1125.614494680851  ,     10.0 ,            0.0 ,    1.0 ,-10.0                       ,1651.438611904239    ,                       0.107014 ,             0.155871 ,              0.013994 ,                  0.632868 ,            7.013441
0.5086551264980027  ,0.0644498723215277  ,1469.6034731954892 ,  1119.251264980027  ,     10.0 ,            0.0 ,    1.0 ,-10.0                       ,1449.1916859122402   ,                       0.11139  ,             0.152879 ,              0.013669 ,                  0.112749 ,            6.493148
0.501460823373174   ,0.06510416666666667 ,1461.2163490898254 ,  1116.200000000002  ,     20.0 ,            0.0 ,    1.0 ,-20.0                       ,1488.095238095238    ,                       0.113981 ,             0.161324 ,              0.016491 ,                  0.069354 ,            6.336954
0.504               ,0.06441650121332451 ,1490.0731327893573 ,  1115.9259999999997 ,     10.0 ,            0.0 ,    1.0 ,-10.0                       ,1446.710273181993    ,                       0.108373 ,             0.15535  ,              0.01376  ,                  0.104387 ,            6.523302
0.4901595744680851  ,0.06320880587058039 ,1461.0657075443837 ,  1117.278058510637  ,     20.0 ,            0.0 ,    1.0 ,-20.0                       ,1460.9571788413098   ,                       0.113995 ,             0.154844 ,              0.013495 ,                  0.177965 ,            6.317916
0.5017241379310344  ,0.06544876014922098 ,1475.1380545315888 ,  1116.3490716180338 ,     10.0 ,            0.0 ,    1.0 ,-10.0                       ,1451.8002322880373   ,                       0.108133 ,             0.154859 ,              0.014098 ,                  0.242104 ,            6.312133
0.49933333333333335 ,0.06512791991101223 ,1453.3892261613162 ,  1119.4810666666672 ,     20.0 ,            0.0 ,    1.0 ,-20.0                       ,1452.6438117373618   ,                       0.1109   ,             0.159586 ,              0.014002 ,                  0.168143 ,            6.436737
0.49906666666666666 ,0.06577921354572797 ,1458.2607848592868 ,  1116.4533156498649 ,     10.0 ,            0.0 ,    1.0 ,-10.0                       ,1462.8437682855472   ,                       0.107909 ,             0.154166 ,              0.013867 ,                  0.169618 ,            6.380321
0.5009333333333333  ,0.0652414709791759  ,1464.0725383523563 ,  1121.2166666666608 ,     20.0 ,            0.0 ,    1.0 ,-20.0                       ,1465.88693957115     ,                       0.111576 ,             0.154212 ,              0.013657 ,                  0.16127  ,            6.433791
0.4930851063829787  ,0.06434821131908296 ,1474.827904057738  ,  1108.5468085106343 ,     20.0 ,            0.0 ,    1.0 ,-20.0                       ,1464.557703573521    ,                       0.10908  ,             0.153544 ,              0.01356  ,                  0.166528 ,            6.338279
0.4936              ,0.06495535714285715 ,1473.7623147579022 ,  1117.59533333333   ,     20.0 ,            0.0 ,    1.0 ,-20.0                       ,1443.6958614051973   ,                       0.112145 ,             0.155213 ,              0.013784 ,                  0.163847 ,            6.417493
0.5082666666666666  ,0.06747213946816727 ,1446.1423864907347 ,  1115.6818783068768 ,     20.0 ,            0.0 ,    1.0 ,-20.0                       ,1463.129145532579    ,                       0.107089 ,             0.156415 ,              0.014794 ,                  0.183425 ,            6.365881
0.5022666666666666  ,0.06367269901187965 ,1466.2094439136768 ,  1113.6136604774542 ,     10.0 ,            0.0 ,    1.0 ,-10.0                       ,1461.0314075222955   ,                       0.112733 ,             0.155739 ,              0.013793 ,                  0.117879 ,            6.439591
0.5074666666666666  ,0.06632596378180203 ,1461.261661111599  ,  1119.7109333333342 ,     10.0 ,            0.0 ,    1.0 ,-10.0                       ,1437.0569074535351   ,                       0.111469 ,             0.156651 ,              0.014348 ,                  0.164533 ,            6.472629
0.5082666666666666  ,0.06623103333702514 ,1439.4376750356214 ,  1120.8818666666643 ,     20.0 ,            0.0 ,    1.0 ,-20.0                       ,1478.123768230193    ,                       0.111602 ,             0.157043 ,              0.014354 ,                  0.114397 ,            6.37311
0.5086666666666667  ,0.06584932874736492 ,1480.5608285455285 ,  1118.5510638297862 ,     10.0 ,            0.0 ,    1.0 ,-10.0                       ,1445.6437933693137   ,                       0.108106 ,             0.158417 ,              0.014454 ,                  0.11406  ,            6.486041
0.4992              ,0.06470261256253475 ,1447.383275775725  ,  1121.1903999999959 ,     20.0 ,            0.0 ,    1.0 ,-20.0                       ,1457.4426739214925   ,                       0.112251 ,             0.154708 ,              0.013937 ,                  0.102257 ,            6.460434
0.5014666666666666  ,0.06554286348009315 ,1459.641780552784  ,  1116.1017333333314 ,     20.0 ,            0.0 ,    1.0 ,-20.0                       ,1446.4802314368371   ,                       0.10734  ,             0.157638 ,              0.014458 ,                  0.119519 ,            6.497962
0.49933333333333335 ,0.0631596489278969  ,1448.7277852081418 ,  1117.9477393616985 ,     10.0 ,            0.0 ,    1.0 ,-10.0                       ,1455.1443518697927   ,                       0.106693 ,             0.155544 ,              0.014106 ,                  0.132193 ,            6.488466
0.5036              ,0.06684344271351232 ,1455.8060943925261 ,  1122.8511999999992 ,    300.0 ,            0.0 ,    1.0 ,-300.0                      ,1432.3911382734914   ,                       0.111394 ,             0.155284 ,              0.013869 ,                  0.107326 ,            6.625344
0.4925333333333333  ,0.06240904511362364 ,1468.0763853845363 ,  1113.1522666666672 ,    250.0 ,            1.0 ,    1.0 ,250.0                       ,   0.0               ,                       0.105331 ,             0.159057 ,              0.013924 ,                  0.089031 ,           16.379283
0.4925333333333333  ,0.06240904511362364 ,1468.0763853845363 ,  1113.1522666666672 ,    100.0 ,            1.0 ,    1.0 ,100.0                       ,   4.898067249139529 ,                       0.105331 ,             0.154881 ,              0.014038 ,                  0.17706  ,           15.094169
0.4                 ,0.10619469026548672 ,5866.134803777791  ,  1080.6700000000003 ,     10.0 ,            0.0 ,    1.0 ,-10.0                       ,1426.9406392694063   ,                       0.00171  ,             0.157009 ,              0.014117 ,                  0.179973 ,            5.257073
0.5012              ,0.06293706293706294 ,1436.276436104083  ,  1118.774933333335  ,     20.0 ,            0.0 ,    1.0 ,-20.0                       ,1452.9252227818674   ,                       0.107111 ,             0.156029 ,              0.013978 ,                  0.143869 ,            6.447409
0.5005333333333334  ,0.06415535277097707 ,1455.6670769059972 ,  1116.1625994694946 ,    300.0 ,            0.0 ,    1.0 ,-300.0                      ,1433.760275281973    ,                       0.109789 ,             0.161031 ,              0.014083 ,                  0.148592 ,            6.523891
0.5002666666666666  ,0.06435917284087139 ,1482.5219556559894 ,  1116.0322666666643 ,     10.0 ,            0.0 ,    1.0 ,-10.0                       ,1462.273347631117    ,                       0.102742 ,             0.157725 ,              0.014257 ,                  0.103685 ,            6.326014
0.5005333333333334  ,0.06414782129067843 ,1467.5595951492264 ,  1119.4262666666655 ,     20.0 ,            0.0 ,    1.0 ,-20.0                       ,1437.607820586544    ,                       0.117013 ,             0.157571 ,              0.014315 ,                  0.1112   ,            6.495445
0.49773333333333336 ,0.0653380703896969  ,1440.3283487730132 ,  1116.6683510638268 ,     20.0 ,            0.0 ,    1.0 ,-20.0                       ,1500.3990422984837   ,                       0.107516 ,             0.157042 ,              0.014297 ,                  0.165746 ,            6.314953
0.5086436170212766  ,0.06619121907733452 ,1504.2274391888054 ,  1115.9109042553132 ,     20.0 ,            1.0 ,    1.0 ,20.0                        , 787.0424740653749   ,                       0.107379 ,             0.167784 ,              0.014428 ,                  0.135427 ,            6.394573
0.49666666666666665 ,0.06689689745446444 ,1462.786135595984  ,  1085.1057333333401 ,     10.0 ,            0.0 ,    1.0 ,-10.0                       ,1463.3099141295863   ,                       0.107682 ,             0.156156 ,              0.013879 ,                  0.131262 ,            6.445456
0.5061349693251533  ,0.0654696132596685  ,1460.5427499966884 ,  1121.626629422713  ,     10.0 ,            0.0 ,    1.0 ,-10.0                       ,1452.9252227818674   ,                       0.111541 ,             0.155989 ,              0.014445 ,                  0.132127 ,            6.438245
0.5005333333333334  ,0.06522704563117575 ,1454.2569299705483 ,  1118.8218666666683 ,     20.0 ,            0.0 ,    1.0 ,-20.0                       ,1483.97309062129     ,                       0.127415 ,             0.173581 ,              0.015527 ,                  0.110954 ,            6.338191
0.4998666666666667  ,0.06629834254143646 ,1486.113164148927  ,  1114.2051724137962 ,     10.0 ,            0.0 ,    1.0 ,-10.0                       ,1456.02795573675     ,                       0.107421 ,             0.154315 ,              0.013844 ,                  0.165897 ,            6.399518
0.5009333333333333  ,0.065524529981088   ,1458.7316075825256 ,  1119.899599999997  ,     20.0 ,            0.0 ,    1.0 ,-20.0                       ,1437.8935317687465   ,                       0.124152 ,             0.179335 ,              0.016249 ,                  0.133827 ,            6.461656
0.5021333333333333  ,0.06861548702019081 ,1446.8622477178642 ,  1114.9677333333314 ,     20.0 ,            0.0 ,    1.0 ,-20.0                       ,1450.6769825918761   ,                       0.107612 ,             0.153603 ,              0.01351  ,                  0.182353 ,            6.430744
0.5025333333333334  ,0.06495098039215687 ,1453.3833116327057 ,  1115.0397333333308 ,     10.0 ,            0.0 ,    1.0 ,-10.0                       ,1448.7154722812438   ,                       0.107524 ,             0.17009  ,              0.013767 ,                  0.186425 ,            6.436795
0.49746666666666667 ,0.06524648672763775 ,1449.9147256819335 ,  1118.4730666666612 ,     20.0 ,            0.0 ,    1.0 ,-20.0                       ,1461.703371662444    ,                       0.111337 ,             0.154443 ,              0.014762 ,                  0.129652 ,            6.421889
0.5103448275862069  ,0.065176806501208   ,1465.4856743916291 ,  1117.638196286478  ,     20.0 ,            0.0 ,    1.0 ,-20.0                       ,1462.8437682855472   ,                       0.107275 ,             0.153715 ,              0.014033 ,                  0.180446 ,            6.378621
0.5066489361702128  ,0.06475501113585747 ,1466.4200532942286 ,  1114.976861702124  ,     10.0 ,            0.0 ,    1.0 ,-10.0                       ,1441.7354578613936   ,                       0.107309 ,             0.153898 ,              0.014164 ,                  0.180009 ,            6.463556
0.4981456953642384  ,0.06408845857630102 ,1445.55014670898   ,  1121.4182781456927 ,     20.0 ,            0.0 ,    1.0 ,-20.0                       ,1424.772036474164    ,                       0.111604 ,             0.152231 ,              0.013632 ,                  0.150743 ,            6.540637
0.4978666666666667  ,0.0666406858924396  ,1436.3113685576889 ,  1116.8554666666646 ,     20.0 ,            0.0 ,    1.0 ,-20.0                       ,1460.849240358395    ,                       0.107646 ,             0.159262 ,              0.016745 ,                  0.123249 ,            6.456721
0.5028              ,0.06467910282034199 ,1450.5714864837682 ,  1115.2353333333324 ,     10.0 ,            0.0 ,    1.0 ,-10.0                       ,1457.6468307811592   ,                       0.111426 ,             0.158894 ,              0.014524 ,                  0.094238 ,            6.506283
0.5101063829787233  ,0.06614635226392118 ,1470.1354303616201 ,  1116.5450797872327 ,     10.0 ,            0.0 ,    1.0 ,-10.0                       ,1429.1158536585367   ,                       0.115419 ,             0.157584 ,              0.014402 ,                  0.157638 ,            6.455137
0.50199203187251    ,0.064628869410851   ,1431.7263330218268 ,  1118.2337317397078 ,     20.0 ,            0.0 ,    1.0 ,-20.0                       ,1447.3176379776148   ,                       0.113734 ,             0.157035 ,              0.014629 ,                  0.227337 ,            6.392777
0.49706666666666666 ,0.06830570697519191 ,1450.0170425336398 ,  1116.6311999999994 ,     20.0 ,            0.0 ,    1.0 ,-20.0                       ,1437.3323112303565   ,                       0.108007 ,             0.157538 ,              0.014238 ,                  0.143959 ,            6.509052
0.4973474801061008  ,0.06717903350657968 ,1442.8448767621028 ,  1115.6831564986703 ,     10.0 ,            0.0 ,    1.0 ,-10.0                       ,1445.9224985540775   ,                       0.106366 ,             0.156573 ,              0.014176 ,                  0.250343 ,            6.354407
0.49853333333333333 ,0.06447850716427857 ,1446.9655300012869 ,  1119.8100662251638 ,     20.0 ,            0.0 ,    1.0 ,-20.0                       ,1434.5830145371078   ,                       0.111497 ,             0.157068 ,              0.014138 ,                  0.176322 ,            6.505742
0.5051861702127659  ,0.06457666409095927 ,1438.6732983383706 ,  1117.4644946808498 ,    300.0 ,            0.0 ,    1.0 ,-300.0                      ,1414.827391058291    ,                       0.108166 ,             0.162335 ,              0.013857 ,                  0.20962  ,            6.552271
0.49493333333333334 ,0.0699355125639315  ,1454.2205552330418 ,  1116.8897333333393 ,     20.0 ,            0.0 ,    1.0 ,-20.0                       ,1439.5393474088291   ,                       0.107341 ,             0.158595 ,              0.014364 ,                  0.123798 ,            6.398194
0.48746666666666666 ,0.0647622229646954  ,1443.0325386521076 ,  1113.1785904255307 ,     10.0 ,            0.0 ,    1.0 ,-10.0                       ,1435.4066985645932   ,                       0.10758  ,             0.153708 ,              0.013701 ,                  0.160753 ,            6.494192
0.5091269841269841  ,0.06478021978021978 ,1439.528383082114  ,  1122.3189153439134 ,     20.0 ,            0.0 ,    1.0 ,-20.0                       ,1454.0571647803567   ,                       0.110887 ,             0.154092 ,              0.013721 ,                  0.20045  ,            6.382803
0.498               ,0.06404269513008673 ,1455.4540812970074 ,  1114.2470976253321 ,     20.0 ,            0.0 ,    1.0 ,-20.0                       ,1446.1538461538462   ,                       0.107991 ,             0.156922 ,              0.01428  ,                  0.198221 ,            6.400477
0.5027925531914894  ,0.06533965593295103 ,1458.2030904597839 ,  1116.6103723404262 ,     20.0 ,            0.0 ,    1.0 ,-20.0                       ,1472.7771249510379   ,                       0.10801  ,             0.164784 ,              0.014229 ,                  0.14095  ,            6.326591
0.4948              ,0.06425324315334294 ,1474.2382758252638 ,  1116.0570666666645 ,     20.0 ,            0.0 ,    1.0 ,-20.0                       ,1418.652655282417    ,                       0.10777  ,             0.15447  ,              0.014048 ,                  0.179716 ,            6.549674
0.4922666666666667  ,0.06608368386096967 ,1421.0630726528916 ,  1115.346693121689  ,     20.0 ,            0.0 ,    1.0 ,-20.0                       ,1448.1560146746476   ,                       0.106622 ,             0.154913 ,              0.014077 ,                  0.14197  ,            6.479898
0.4972              ,0.06550920789882406 ,1450.6203045838442 ,  1115.4199999999942 ,     20.0 ,            0.0 ,    1.0 ,-20.0                       ,1437.0569074535351   ,                       0.107299 ,             0.154336 ,              0.013977 ,                  0.170596 ,            6.477057
0.49893333333333334 ,0.0673289183222958  ,1438.382843429726  ,  1115.1928          ,    300.0 ,            0.0 ,    0.0 ,-300.0                      , 841.9290020093772   ,                       0.107376 ,             0.154341 ,              0.013917 ,                  0.138192 ,            9.779737
0.4992              ,0.06500445235975066 ,1425.926809648467  ,  1126.211866666665  ,     10.0 ,            0.0 ,    1.0 ,-10.0                       ,1622.3175965665234   ,                       0.103086 ,             0.153229 ,              0.013844 ,                  0.670903 ,            6.904649
0.5017264276228419  ,0.06496149614961497 ,1444.595987913932  ,  1119.798671978749  ,     10.0 ,            0.0 ,    1.0 ,-10.0                       ,1465.702560093805    ,                       0.11268  ,             0.156274 ,              0.0141   ,                  0.187672 ,            6.351879
0.49293333333333333 ,0.06583351930372684 ,1467.118356545754  ,  1117.6767596281504 ,    300.0 ,            0.0 ,    1.0 ,-300.0                      ,1460.5647517039922   ,                       0.112031 ,             0.155001 ,              0.014078 ,                  0.152675 ,            6.406831
0.5138666666666667  ,0.06775052713350349 ,1505.1463965591151 ,  1115.2181333333401 ,     10.0 ,            0.0 ,    1.0 ,-10.0                       ,1449.8356852890006   ,                       0.104563 ,             0.153753 ,              0.013789 ,                  0.183139 ,            6.302103
